model,type,beta_intensity,p,n
deepseek,authority,-0.5841617904293396,0.6443691456990243,124
deepseek,citation,18.119597714646133,0.9983329645919109,147
deepseek,identity,1.1820230148143611,0.0055357629918471145,351
gpt6_luna,citation,-1.4233944461054964,0.048375050504885976,49
gpt6_luna,identity,0.5187681844106288,0.05149535519903702,84
llama_70b,authority,-1.220110713587812,0.10242372610506635,286
llama_70b,citation,-1.1604846051116897,0.07216977313365312,389
llama_70b,identity,-0.42674449195761793,0.018751596313727623,1312
ministral_14b,authority,0.6290576836096443,0.041937982933251045,143
ministral_14b,citation,0.4031356466474771,0.14042205255242277,145
ministral_14b,identity,0.32333175416535814,0.002668384945735994,485
ministral_3b,authority,0.2548140210086781,0.12484836674264779,416
ministral_3b,citation,0.5029070390955425,0.0030638682618540657,430
ministral_3b,identity,0.1897409962617414,0.004806237636605261,1677
ministral_8b,authority,-0.22600466070125744,0.4518046169542881,121
ministral_8b,citation,-0.3083211862757871,0.27528337407893333,140
ministral_8b,identity,-0.13106798942290954,0.27061307374374444,393
