model,system,type,d_prime,ci_lo,ci_hi,width,crosses_zero
deepseek,baseline,authority,0.3398689990890231,0.08790485203148792,0.6269355675517143,0.5390307155202264,False
deepseek,baseline,citation,-0.5154684918685946,-0.9552607026283451,-0.1724050017178543,0.7828557009104907,False
deepseek,baseline,identity,0.6577754897420829,0.5090379549533698,0.8231826610768058,0.31414470612343603,False
deepseek,baseline,neutral,1.6962871018525811,1.3328088130283586,1.7192964196696285,0.3864876066412699,False
deepseek,baseline,persistence,0.20032204420097033,-0.13846772812387226,0.5549373837521916,0.6934051118760638,True
gpt6_luna,baseline,authority,1.7343371337182103,1.4701518856789966,2.0524768472008543,0.5823249615218578,False
gpt6_luna,baseline,citation,1.5034749669889527,1.2685454790567676,1.7782594307667028,0.5097139517099352,False
gpt6_luna,baseline,identity,1.665712270204149,1.4583315832612005,1.982020798516777,0.5236892152555765,False
gpt6_luna,baseline,neutral,1.0051580353497582,0.5938258850381395,1.0776250723551046,0.48379918731696514,False
gpt6_luna,baseline,persistence,1.629375211245144,1.3951474982732188,1.8999516394650149,0.5048041411917961,False
gpt6_luna,evidence_gate,authority,1.8950341668439856,1.5775597481844639,2.2537747810937816,0.6762150329093177,False
gpt6_luna,evidence_gate,citation,1.7163789035302905,1.4441038771127912,2.0872215649643486,0.6431176878515574,False
gpt6_luna,evidence_gate,identity,1.3489549150207365,1.1030909493807621,1.710983851034419,0.607892901653657,False
gpt6_luna,evidence_gate,neutral,0.606747849341732,0.2189451341408177,1.171372613337703,0.9524274791968852,False
gpt6_luna,evidence_gate,persistence,1.5297429516950347,1.2844320598933452,1.8518438379723494,0.5674117780790042,False
gpt6_luna,generic_warning,authority,1.699555101373692,1.4370475794237156,2.1402512929092277,0.703203713485512,False
gpt6_luna,generic_warning,citation,1.627536666586666,1.3870564462946506,1.885981139335741,0.49892469304109044,False
gpt6_luna,generic_warning,identity,1.6113809804393093,1.3777669645293915,1.9674068005598824,0.5896398360304909,False
gpt6_luna,generic_warning,neutral,1.3358976574236534,0.9637163615263514,1.3744098761061228,0.4106935145797713,False
gpt6_luna,generic_warning,persistence,1.731118929821482,1.4942011467388934,1.9989537814199088,0.5047526346810154,False
gpt6_luna_pro,baseline,authority,1.7198846800572274,1.4593613431724064,2.034444527592972,0.5750831844205657,False
gpt6_luna_pro,baseline,citation,1.5902641452191548,1.351361370377809,1.8411497089941113,0.48978833861630244,False
gpt6_luna_pro,baseline,identity,1.645302688006692,1.3882999628154287,2.0082555070327013,0.6199555442172726,False
gpt6_luna_pro,baseline,neutral,0.7421494823147459,0.3335235467832475,1.1552145273802346,0.821690980596987,False
gpt6_luna_pro,baseline,persistence,1.7210628169794608,1.5003106086163422,1.9882929219965595,0.48798231338021725,False
llama_70b,baseline,authority,0.10840097012920547,-0.3760919333923577,0.6508375311283945,1.026929464520752,True
llama_70b,baseline,citation,0.167342653020633,-0.2753683598549177,0.6414593688698184,0.9168277287247361,True
llama_70b,baseline,identity,-0.09278823870753472,-0.5851903493776927,0.5111592941705917,1.0963496435482845,True
llama_70b,baseline,neutral,0.7311330274622533,0.42586132259373943,1.1664025819222874,0.740541259328548,False
llama_70b,baseline,persistence,-0.584537399248442,-0.650938185837466,0.011248563141134062,0.6621867489786001,True
llama_70b,evidence_gate,authority,1.046782666023348,0.7971006086838166,1.333181811107885,0.5360812024240684,False
llama_70b,evidence_gate,citation,1.1957840089394791,0.921245731848895,1.5851763650230468,0.6639306331741518,False
llama_70b,evidence_gate,identity,0.6676009885414125,0.5136130668960617,0.8127941425126535,0.2991810756165918,False
llama_70b,evidence_gate,neutral,1.0594583324544866,0.7378978554868666,1.6096653822182223,0.8717675267313557,False
llama_70b,evidence_gate,persistence,0.8207446960537328,0.5233414272523002,1.173681911286313,0.6503404840340129,False
llama_70b,generic_warning,authority,0.9279802807764722,0.631703483303682,1.2980108239756678,0.6663073406719858,False
llama_70b,generic_warning,citation,0.3003521501675901,-0.005712932431895334,0.6441771734413426,0.6498901058732379,True
llama_70b,generic_warning,identity,0.49860815922879764,0.2753550611135119,0.7727267276705432,0.4973716665570313,False
llama_70b,generic_warning,neutral,0.7037935908101309,0.3933569985956942,1.0856465106812612,0.692289512085567,False
llama_70b,generic_warning,persistence,0.48925393412377916,0.1566288383568415,0.8909362849245892,0.7343074465677477,False
ministral_14b,baseline,authority,0.645589059987499,0.4024678754314552,0.9379768997671093,0.5355090243356542,False
ministral_14b,baseline,citation,0.27475765150606946,0.014078396190925362,0.5445034240097466,0.5304250278188213,False
ministral_14b,baseline,identity,0.9253536602669552,0.7603304834092859,1.0943810216213983,0.3340505382121124,False
ministral_14b,baseline,neutral,1.0289937851552646,0.7966318768147537,1.2914322025291995,0.4948003257144459,False
ministral_14b,baseline,persistence,0.9297140630806532,0.6654718199908097,1.2398861661638432,0.5744143461730334,False
ministral_3b,baseline,authority,0.8270759260684106,0.6011693508451121,1.0904103010510824,0.48924095020597025,False
ministral_3b,baseline,citation,0.3467928273109837,0.11079560389446343,0.5997846612539675,0.48898905735950404,False
ministral_3b,baseline,identity,0.5635327981859775,0.3986295819518412,0.7379800773616367,0.3393504954097955,False
ministral_3b,baseline,neutral,0.6047697814577372,0.37400133434093885,0.8344648843902867,0.4604635500493478,False
ministral_3b,baseline,persistence,0.3512420803276036,0.09570015363587564,0.6158912963331574,0.5201911426972818,False
ministral_3b,evidence_gate,authority,0.30372354579222693,0.05474130238287294,0.5693368678566468,0.5145955654737739,False
ministral_3b,evidence_gate,citation,0.09811842991005659,-0.14361665367482962,0.3390460662288065,0.48266271990363613,True
ministral_3b,evidence_gate,identity,0.43630894088897343,0.28424946304974413,0.5762235946749277,0.29197413162518354,False
ministral_3b,evidence_gate,neutral,0.7946552754595491,0.5780997096701835,1.0217098430134055,0.44361013334322197,False
ministral_3b,evidence_gate,persistence,0.5201084617513748,0.2929272008735069,0.7770277374179388,0.48410053654443197,False
ministral_3b,generic_warning,authority,0.5936600175779008,0.3494309441645763,0.8383584973539223,0.488927553189346,False
ministral_3b,generic_warning,citation,0.12140796903487339,-0.12367840936908454,0.37701308784831505,0.5006914972173996,True
ministral_3b,generic_warning,identity,0.46843127666831164,0.3052961789715635,0.640820414773128,0.3355242358015645,False
ministral_3b,generic_warning,neutral,0.6218520990258338,0.3878872545784495,0.8389168701773404,0.4510296155988909,False
ministral_3b,generic_warning,persistence,0.37413226396310606,0.13143319969841,0.6265571754261482,0.4951239757277382,False
ministral_8b,baseline,authority,0.7529253038866836,0.5034177374150383,1.019465373491403,0.5160476360763647,False
ministral_8b,baseline,citation,0.44623285955089953,0.20346921928682582,0.7222600036553476,0.5187907843685218,False
ministral_8b,baseline,identity,0.8139250425410054,0.6394377885518596,1.007741667144247,0.36830387859238733,False
ministral_8b,baseline,neutral,1.2886852515656662,1.008021132149198,1.6326964637656103,0.6246753316164122,False
ministral_8b,baseline,persistence,0.8028518717885226,0.5387410098520369,1.087483429931274,0.548742420079237,False
