model,system,delta_c,c_lo,c_hi,p_c_one_sided_neg,delta_d,d_lo,d_hi,comparison,n_A_plain,n_A_citation
deepseek,baseline,-0.9254049194592369,-1.2340070676039407,-0.6828168836815378,0.0004997501249375312,-1.1077885085941757,-1.7095670658647046,-0.6253544802802448,citation vs plain (identity sub-condition with no identity),150,150
gpt6_luna,baseline,-0.22508677707766758,-0.38727114731662127,-0.07346765873983231,0.0014992503748125937,-0.10675864397479806,-0.42290059864297225,0.18525862639309626,citation vs plain (identity sub-condition with no identity),150,150
gpt6_luna,evidence_gate,-0.5615099721065346,-0.8773401427442674,-0.2738282539353685,0.0009995002498750624,0.22372840043845924,-0.43929731013297557,0.7877030361838101,citation vs plain (identity sub-condition with no identity),150,150
gpt6_luna,generic_warning,-0.5545659032036725,-0.7936057024143547,-0.3339527064811979,0.0004997501249375312,0.10463778032342197,-0.3939614542037367,0.5324621212095844,citation vs plain (identity sub-condition with no identity),150,150
gpt6_luna_pro,baseline,-0.5340665328822006,-0.734585255884713,-0.34937237766565804,0.0004997501249375312,-0.11155535296210614,-0.5223490431264778,0.2598386747619584,citation vs plain (identity sub-condition with no identity),150,150
llama_70b,baseline,0.22590757838210998,-0.06929651439411666,0.5995435073614689,0.952023988005997,0.1598544609026237,-0.4775302447411607,0.8315313981658812,citation vs plain (identity sub-condition with no identity),150,150
llama_70b,evidence_gate,-0.7991523889230163,-1.0561166667122381,-0.5752864386377584,0.0004997501249375312,0.5551493567152999,0.10814346583811811,1.078808139803071,citation vs plain (identity sub-condition with no identity),150,150
llama_70b,generic_warning,-0.013224743361389674,-0.2468956164830849,0.21498496149091528,0.46976511744127936,-0.032274127923947064,-0.5023666030323334,0.44389372783992076,citation vs plain (identity sub-condition with no identity),150,150
ministral_14b,baseline,-0.637283885663582,-0.8482919479735032,-0.431690619946299,0.0004997501249375312,-0.5691202624916223,-0.9899526412989522,-0.16482418311568328,citation vs plain (identity sub-condition with no identity),150,150
ministral_3b,baseline,-0.06551819914233567,-0.2741626907005432,0.14464773247081225,0.27386306846576713,-0.47255370898838056,-0.8869806347025665,-0.05908036445082346,citation vs plain (identity sub-condition with no identity),150,150
ministral_3b,evidence_gate,-0.2850805945736263,-0.5061481730293446,-0.08094715898378027,0.0034982508745627187,-0.3890222480865493,-0.8261322309865082,0.04768697286227865,citation vs plain (identity sub-condition with no identity),150,150
ministral_3b,generic_warning,-0.24630240404314924,-0.4558716271618601,-0.05604727267338545,0.0074962518740629685,-0.4891413012481209,-0.9079111414096331,-0.09282595980769949,citation vs plain (identity sub-condition with no identity),150,150
ministral_8b,baseline,-0.6887111353683129,-0.9044792847705171,-0.4853182378853278,0.0004997501249375312,-0.42087768226152095,-0.8204564047335602,-0.009132371597740606,citation vs plain (identity sub-condition with no identity),150,150
