model,system,delta_c,c_lo,c_hi,p_c_one_sided_neg,delta_d,d_lo,d_hi
deepseek,baseline,-1.2189817983786422,-1.5187477671739396,-0.9822435953630916,0.0004997501249375312,-1.1461575369681791,-1.7464950720880208,-0.6699737773707037
gpt6_luna,baseline,-0.6092260719493552,-0.7704766388052541,-0.45341246629647025,0.0004997501249375312,-0.1439488936603281,-0.44366683114904587,0.14072677816236495
gpt6_luna,evidence_gate,-0.48970198924906055,-0.7015580330963382,-0.27712538200259307,0.0009995002498750624,0.45141363490920905,0.01609805558908178,0.8791120472041296
gpt6_luna,generic_warning,-0.6574690748080041,-0.8583467089808111,-0.4655746370337247,0.0004997501249375312,0.05255403869258124,-0.3686816302081374,0.4458972114099758
gpt6_luna_pro,baseline,-0.8258085625808003,-1.0094303895538337,-0.6525182703197238,0.0004997501249375312,-0.034066134860243805,-0.4076549480862872,0.30456479322301694
llama_70b,baseline,0.4606333486434966,0.17165483609278737,0.7492093200800939,0.9980009995002499,0.1581724342015316,-0.3760262550407078,0.75213313930795
llama_70b,evidence_gate,-1.4533269917984535,-1.6839755332821176,-1.2645644920375585,0.0004997501249375312,0.6699647403629112,0.28297403239311647,1.1739470735466742
llama_70b,generic_warning,0.015618156471978504,-0.18020099212223978,0.20234373002629338,0.5742128935532234,-0.277139943776541,-0.6429808310434729,0.10218495445166341
ministral_14b,baseline,-0.41870876431403836,-0.598187254261629,-0.2513419852450468,0.0004997501249375312,-0.5722687184780028,-0.9196978806755298,-0.235159788425175
ministral_3b,baseline,0.11009003434278948,-0.060715117866251264,0.2718626978359998,0.9035482258870565,-0.21558029031360765,-0.5115559036728308,0.09926956100961744
ministral_3b,evidence_gate,-0.11913586602088284,-0.2962098700174192,0.047388006018718225,0.08345827086456771,-0.4170137963284203,-0.7572567259850571,-0.07404058982388664
ministral_3b,generic_warning,0.034590476340632656,-0.1348386418734833,0.19282421473349998,0.6636681659170415,-0.39623137563021005,-0.7313541129781534,-0.05715684723934722
ministral_8b,baseline,-0.5220703799805024,-0.7157273907072789,-0.349975591469515,0.0004997501249375312,-0.4124864339182416,-0.7551807576811448,-0.04307554207132712
