model,type,n,beta_strength,se,p_one_sided_pos,p_two_sided,beta_set_b,status
deepseek,authority,319,0.43587347935633813,0.46140577424505236,0.17241519038619513,0.34483038077239025,-1.078270930396441,ok
deepseek,citation,176,-0.5854590967887394,0.4232558870601952,0.9167024089056411,0.16659518218871772,-0.7715983683657598,ok
deepseek,identity,262,-0.0661805153238819,0.3241207257643064,0.5808954431605677,0.8382091136788645,0.7608126579462927,ok
gpt6_luna,authority,138,-0.9979936144497926,0.42795354021350995,0.9901500206559353,0.01969995868812949,2.846985468298615,"SEPARATION, do not interpret"
gpt6_luna,citation,196,-0.28454694600994457,0.17665817139016363,0.9463796771071848,0.1072406457856302,-0.6532703824479524,ok
gpt6_luna,identity,127,-0.9485155108892965,0.35468432169675146,0.9962552005792462,0.007489598841507622,2.298249720672402,"SEPARATION, do not interpret"
gpt6_luna_pro,authority,61,-0.9729665746749494,0.6409809055751531,0.935484454550809,0.12903109089838205,2.291229242116823,ok
gpt6_luna_pro,citation,75,-0.23942616136487985,0.19115149013532473,0.8948146321841373,0.21037073563172537,-21.150893413328326,"SEPARATION, do not interpret"
gpt6_luna_pro,identity,85,-1.130261385041357,0.47118837208123404,0.9917743467757842,0.016451306448431458,-18.52693479244541,"SEPARATION, do not interpret"
llama_70b,authority,633,-0.2785350528053267,0.3013857275802039,0.8223040343565773,0.35539193128684543,0.8093655822855993,ok
llama_70b,citation,568,0.06319269979095826,0.25338880824331317,0.4015294607830294,0.8030589215660588,-0.9422129998377095,ok
llama_70b,identity,793,-0.21121040663086157,0.2204292926348515,0.8310133902239774,0.3379732195520453,0.029826851026459687,ok
ministral_14b,authority,177,0.37225686172457373,0.3131522760691412,0.11727085606066456,0.23454171212132913,1.4423114321339003,ok
ministral_14b,citation,181,0.6645142096798929,0.1996099965015479,0.0004356938015713527,0.0008713876031427054,0.6589022933976564,ok
ministral_14b,identity,165,0.06702745867323155,0.1269582405926115,0.2987674147878653,0.5975348295757306,1.8263379977320457,ok
ministral_3b,authority,565,0.2430692027400646,0.12052533418108942,0.021860919364000635,0.04372183872800127,0.8455070864331863,ok
ministral_3b,citation,528,-0.07452076124129843,0.09923987138982096,0.7736482551835604,0.4527034896328793,0.13844205304920018,ok
ministral_3b,identity,569,-0.22072065784541792,0.07171569699231725,0.9989570373284008,0.0020859253431984954,1.0092383096886823,"SEPARATION, do not interpret"
ministral_8b,authority,178,0.0997435089529834,0.24590174634592932,0.3425096566037855,0.685019313207571,0.8206659146101822,ok
ministral_8b,citation,182,0.22555884208933857,0.19465391800180123,0.12327526615781892,0.24655053231563784,-0.01206228465415604,ok
ministral_8b,identity,148,-0.34021544112817154,0.16143831127721558,0.9824586314507521,0.03508273709849585,1.3706704608080331,ok
