model,system,set,n,denial_rate,lo,hi,above_zero
deepseek,baseline,A,1060,0.014150943396226415,0.007136485280999108,0.022814230879155465,True
deepseek,baseline,B,1311,0.02822273073989321,0.01687032354552722,0.04234057872571661,True
gpt6_luna,baseline,A,119,0.06722689075630252,0.022218137254901963,0.13725490196078433,True
gpt6_luna,baseline,B,826,0.07869249394673124,0.047199133966479595,0.11394363375376959,True
gpt6_luna,evidence_gate,A,35,0.42857142857142855,0.2857142857142857,0.5555555555555556,True
gpt6_luna,evidence_gate,B,422,0.24170616113744076,0.20143842272153842,0.28338730118496924,True
gpt6_luna,generic_warning,A,78,0.07692307692307693,0.026307245386192755,0.1527777777777778,True
gpt6_luna,generic_warning,B,645,0.11627906976744186,0.08128638974639522,0.15609774946281146,True
gpt6_luna_pro,baseline,A,103,0.019417475728155338,0.0,0.05195143398268397,False
gpt6_luna_pro,baseline,B,755,0.07417218543046358,0.04850709590970443,0.10368267716535429,True
llama_70b,baseline,A,1529,0.09025506867233486,0.07185142459532703,0.11089018146561902,True
llama_70b,baseline,B,1576,0.06535532994923858,0.045453808034924194,0.08701625839807064,True
llama_70b,evidence_gate,A,556,0.14928057553956833,0.11337318589460862,0.18832391713747645,True
llama_70b,evidence_gate,B,942,0.2059447983014862,0.16259167067991018,0.25289840303961103,True
llama_70b,generic_warning,A,1175,0.12340425531914893,0.10247214766053453,0.14564286016445202,True
llama_70b,generic_warning,B,1355,0.11365313653136531,0.08919547897531378,0.1412080300600378,True
ministral_14b,baseline,A,824,0.1638349514563107,0.13364889660607854,0.19587887893073613,True
ministral_14b,baseline,B,1283,0.31254871395167577,0.2771997026812356,0.3484865781098658,True
ministral_3b,baseline,A,966,0.045548654244306416,0.0315753283011064,0.059624557895466834,True
ministral_3b,baseline,B,1269,0.05594956658786446,0.037264137616018156,0.07766223884755664,True
ministral_3b,evidence_gate,A,982,0.31466395112016293,0.2771243983709737,0.3498465357104729,True
ministral_3b,evidence_gate,B,1234,0.42706645056726095,0.39199950900163666,0.4604116467843176,True
ministral_3b,generic_warning,A,994,0.10261569416498995,0.08183562906479828,0.12275766264082004,True
ministral_3b,generic_warning,B,1245,0.121285140562249,0.09627195790911613,0.14768586659470692,True
ministral_8b,baseline,A,806,0.3052109181141439,0.2686002522068096,0.34327096655291545,True
ministral_8b,baseline,B,1244,0.3360128617363344,0.29999601275917065,0.3714978201874101,True
