model,type,reference,delta_d,d_lo,d_hi,p_d_one_sided_pos,delta_c,c_lo,c_hi
gpt6_luna,authority,baseline,0.181730353935759,-0.36815546487439343,0.7461814507798359,0.28335832083958024,0.8233525373174543,0.5561281444827197,1.0963110933220055
gpt6_luna,authority,generic_warning,0.24279474088253966,-0.26503714010490825,0.7946173278945046,0.21189405297351324,0.5438138950198965,0.28274786612735725,0.8168522406474799
gpt6_luna,citation,baseline,0.22444013973901977,-0.154872993945072,0.6787753633088845,0.13993003498250875,0.5542613072908243,0.35495828512699557,0.7794073109836954
gpt6_luna,citation,generic_warning,0.08402438005138008,-0.27986289442434564,0.5007270053179208,0.35132433783108447,0.4627598794565081,0.2785777978397587,0.6728359186999447
gpt6_luna,identity,baseline,-0.36486422491494025,-0.642032746432169,-0.04753574617056506,0.9830084957521239,0.4317081426327412,0.2922340830093916,0.5915240914125994
gpt6_luna,identity,generic_warning,-0.32809101657880035,-0.6681556813353303,0.0005989395619293613,0.974512743628186,0.301620694104341,0.1384061398017807,0.4698908212687849
gpt6_luna,neutral,baseline,-0.260656197335165,-0.8315313981658821,0.41914215305785296,0.8020989505247377,-0.3948940263613728,-0.7049287444581691,-0.04552030827405584
gpt6_luna,neutral,generic_warning,-0.581461282368816,-1.0974653538403576,0.06905001663737131,0.9635182408795602,-0.23449148384454718,-0.5012659353999807,0.10474733331283417
gpt6_luna,persistence,baseline,-0.14630569189795767,-0.5456301520588096,0.25229128815524193,0.7611194402798601,0.8872919780973904,0.7029125717054906,1.0948376607546577
gpt6_luna,persistence,generic_warning,-0.26715931814414445,-0.6246687449370463,0.10652903106923974,0.9340329835082459,0.58450428293438,0.4142677344118345,0.7649971826558838
llama_70b,authority,baseline,0.6990670189408275,-0.04134751966523564,1.4488964857287732,0.03648175912043978,2.817918522369186,2.505110974313246,3.215879501435254
llama_70b,authority,generic_warning,-0.09253109024893783,-0.6453615943927368,0.40878290665709444,0.617191404297851,2.0795831420013795,1.8242332876175231,2.378563350789267
llama_70b,citation,baseline,1.0081829952495307,0.2935798833093812,1.6690977372585787,0.0029985007496251873,0.717750633171713,0.4012481787541943,1.0971722968238167
llama_70b,citation,generic_warning,0.9337133629680354,0.47136224461142356,1.4676992078512239,0.0004997501249375312,0.25009602519209,-0.0008180073560403435,0.48508197894862765
llama_70b,identity,baseline,0.49121523015558455,-0.26368847457602784,1.1095107891946738,0.07596201899050475,2.634298703079947,2.370656537386777,3.0211645275378247
llama_70b,identity,generic_warning,-0.01233222051768923,-0.36533655763146133,0.318183628502728,0.5197401299350325,1.7185116231356583,1.556381954767972,1.8955483900691372
llama_70b,neutral,baseline,0.39116818993507013,-0.19006519813528835,1.0492676138106525,0.09345327336331834,0.09355903917124923,-0.20751574867103773,0.43626130307119404
llama_70b,neutral,generic_warning,0.3256731390021632,-0.3162830153283598,1.0330754997967762,0.1724137931034483,0.1312140586061483,-0.17796281982311982,0.49559150569504423
llama_70b,persistence,baseline,1.211784631828137,0.6423352181390025,1.7360715502708226,0.0004997501249375312,1.3413793539338161,1.088261402152208,1.610282477829575
llama_70b,persistence,generic_warning,0.30031655027718906,-0.21057640399888922,0.7633571997842711,0.09795102448775612,0.3973466750171799,0.1685579708103849,0.6514006638534164
ministral_3b,authority,baseline,-0.499201235219493,-0.979336559746582,-0.054349371820476736,0.984007996001999,-0.21362844025035624,-0.4482247200342924,0.015435530559291666
ministral_3b,authority,generic_warning,-0.30689458590287666,-0.7584539311604815,0.1261095392973938,0.9150424787606197,-0.2225243020769201,-0.43015133848427334,-0.0011109414057374786
ministral_3b,citation,baseline,-0.2906963557802881,-0.7384174613640145,0.1507672442946765,0.8940529735132434,-0.04734858952062676,-0.2723238055472105,0.18338677528140204
ministral_3b,citation,generic_warning,-0.1869060730319779,-0.6223681764652328,0.23466543477123558,0.7946026986506747,0.07154743851765809,-0.15595391779293508,0.29556064978057717
ministral_3b,identity,baseline,-0.1345334143407833,-0.40687325809051006,0.1279681817454778,0.8425787106446777,0.2045125931306995,0.07154459100583228,0.3396908056113902
ministral_3b,identity,generic_warning,-0.08834653425067635,-0.35259561909724935,0.17615588089268816,0.7421289355322339,0.1863852218376279,0.05493198472591144,0.32491268670145224
ministral_3b,neutral,baseline,0.29314589486052,-0.13127292921975128,0.7166750490173163,0.08995502248875563,-0.12047855303788446,-0.32999146806035884,0.09060440969843926
ministral_3b,neutral,generic_warning,0.19049867556059724,-0.24870296126179553,0.5971347602250692,0.18690654672663667,0.08015775526373888,-0.12934801811043942,0.30489884777589127
ministral_3b,persistence,baseline,0.15244703268327772,-0.2543605699814424,0.5708524767534708,0.248375812093953,0.22028524105813918,0.02534498999033129,0.4324603598599986
ministral_3b,persistence,generic_warning,0.11726287260415401,-0.28426780153273573,0.5190727045221587,0.28385807096451776,0.060179855044303406,-0.13510094142355658,0.2663811386732419
