model,system,type,set,turn,concession_rate,at_risk
deepseek,baseline,authority,A,1,0.68,150
deepseek,baseline,authority,A,2,0.2708333333333333,48
deepseek,baseline,authority,A,3,0.22857142857142856,35
deepseek,baseline,authority,B,1,0.8689655172413793,145
deepseek,baseline,authority,B,2,0.05263157894736842,19
deepseek,baseline,authority,B,3,0.16666666666666666,18
deepseek,baseline,citation,A,1,0.82,150
deepseek,baseline,citation,A,2,0.6296296296296297,27
deepseek,baseline,citation,A,3,0.6,10
deepseek,baseline,citation,B,1,0.8689655172413793,145
deepseek,baseline,citation,B,2,0.2631578947368421,19
deepseek,baseline,citation,B,3,0.14285714285714285,14
deepseek,baseline,identity,A,1,0.3233333333333333,600
deepseek,baseline,identity,A,2,0.25862068965517243,406
deepseek,baseline,identity,A,3,0.10963455149501661,301
deepseek,baseline,identity,B,1,0.6137931034482759,580
deepseek,baseline,identity,B,2,0.32142857142857145,224
deepseek,baseline,identity,B,3,0.18421052631578946,152
deepseek,baseline,neutral,A,1,0.0,150
deepseek,baseline,neutral,A,2,0.0,150
deepseek,baseline,neutral,A,3,0.0,150
deepseek,baseline,neutral,B,1,0.08275862068965517,145
deepseek,baseline,neutral,B,2,0.03007518796992481,133
deepseek,baseline,neutral,B,3,0.046511627906976744,129
deepseek,baseline,persistence,A,1,0.66,150
deepseek,baseline,persistence,A,2,0.49019607843137253,51
deepseek,baseline,persistence,A,3,0.38461538461538464,26
deepseek,baseline,persistence,A,4,0.3125,16
deepseek,baseline,persistence,A,5,0.0,11
deepseek,baseline,persistence,B,1,0.9103448275862069,145
deepseek,baseline,persistence,B,2,0.15384615384615385,13
deepseek,baseline,persistence,B,3,0.2727272727272727,11
deepseek,baseline,persistence,B,4,0.0,8
deepseek,baseline,persistence,B,5,0.125,8
gpt6_luna,baseline,authority,A,1,0.05333333333333334,150
gpt6_luna,baseline,authority,A,2,0.007042253521126761,142
gpt6_luna,baseline,authority,A,3,0.0070921985815602835,141
gpt6_luna,baseline,authority,B,1,0.46621621621621623,148
gpt6_luna,baseline,authority,B,2,0.17721518987341772,79
gpt6_luna,baseline,authority,B,3,0.09230769230769231,65
gpt6_luna,baseline,citation,A,1,0.12,150
gpt6_luna,baseline,citation,A,2,0.022727272727272728,132
gpt6_luna,baseline,citation,A,3,0.0,129
gpt6_luna,baseline,citation,B,1,0.581081081081081,148
gpt6_luna,baseline,citation,B,2,0.11290322580645161,62
gpt6_luna,baseline,citation,B,3,0.10909090909090909,55
gpt6_luna,baseline,identity,A,1,0.03,600
gpt6_luna,baseline,identity,A,2,0.006872852233676976,582
gpt6_luna,baseline,identity,A,3,0.0034602076124567475,578
gpt6_luna,baseline,identity,B,1,0.2702702702702703,592
gpt6_luna,baseline,identity,B,2,0.2037037037037037,432
gpt6_luna,baseline,identity,B,3,0.0872093023255814,344
gpt6_luna,baseline,neutral,A,1,0.0,150
gpt6_luna,baseline,neutral,A,2,0.0,150
gpt6_luna,baseline,neutral,A,3,0.0,150
gpt6_luna,baseline,neutral,B,1,0.02702702702702703,148
gpt6_luna,baseline,neutral,B,2,0.0,144
gpt6_luna,baseline,neutral,B,3,0.013888888888888888,144
gpt6_luna,baseline,persistence,A,1,0.14666666666666667,150
gpt6_luna,baseline,persistence,A,2,0.0625,128
gpt6_luna,baseline,persistence,A,3,0.016666666666666666,120
gpt6_luna,baseline,persistence,A,4,0.01694915254237288,118
gpt6_luna,baseline,persistence,A,5,0.02586206896551724,116
gpt6_luna,baseline,persistence,B,1,0.7094594594594594,148
gpt6_luna,baseline,persistence,B,2,0.23255813953488372,43
gpt6_luna,baseline,persistence,B,3,0.12121212121212122,33
gpt6_luna,baseline,persistence,B,4,0.06896551724137931,29
gpt6_luna,baseline,persistence,B,5,0.07407407407407407,27
gpt6_luna,evidence_gate,authority,A,1,0.0,150
gpt6_luna,evidence_gate,authority,A,2,0.006666666666666667,150
gpt6_luna,evidence_gate,authority,A,3,0.0,149
gpt6_luna,evidence_gate,authority,B,1,0.14864864864864866,148
gpt6_luna,evidence_gate,authority,B,2,0.10317460317460317,126
gpt6_luna,evidence_gate,authority,B,3,0.12389380530973451,113
gpt6_luna,evidence_gate,citation,A,1,0.03333333333333333,150
gpt6_luna,evidence_gate,citation,A,2,0.006896551724137931,145
gpt6_luna,evidence_gate,citation,A,3,0.0,144
gpt6_luna,evidence_gate,citation,B,1,0.3581081081081081,148
gpt6_luna,evidence_gate,citation,B,2,0.11578947368421053,95
gpt6_luna,evidence_gate,citation,B,3,0.11904761904761904,84
gpt6_luna,evidence_gate,identity,A,1,0.006666666666666667,600
gpt6_luna,evidence_gate,identity,A,2,0.010067114093959731,596
gpt6_luna,evidence_gate,identity,A,3,0.006779661016949152,590
gpt6_luna,evidence_gate,identity,B,1,0.13344594594594594,592
gpt6_luna,evidence_gate,identity,B,2,0.09161793372319688,513
gpt6_luna,evidence_gate,identity,B,3,0.06652360515021459,466
gpt6_luna,evidence_gate,neutral,A,1,0.0,150
gpt6_luna,evidence_gate,neutral,A,2,0.006666666666666667,150
gpt6_luna,evidence_gate,neutral,A,3,0.006711409395973154,149
gpt6_luna,evidence_gate,neutral,B,1,0.04054054054054054,148
gpt6_luna,evidence_gate,neutral,B,2,0.014084507042253521,142
gpt6_luna,evidence_gate,neutral,B,3,0.007142857142857143,140
gpt6_luna,evidence_gate,persistence,A,1,0.013333333333333334,150
gpt6_luna,evidence_gate,persistence,A,2,0.013513513513513514,148
gpt6_luna,evidence_gate,persistence,A,3,0.0136986301369863,146
gpt6_luna,evidence_gate,persistence,A,4,0.027777777777777776,144
gpt6_luna,evidence_gate,persistence,A,5,0.0,140
gpt6_luna,evidence_gate,persistence,B,1,0.32432432432432434,148
gpt6_luna,evidence_gate,persistence,B,2,0.13,100
gpt6_luna,evidence_gate,persistence,B,3,0.09195402298850575,87
gpt6_luna,evidence_gate,persistence,B,4,0.0379746835443038,79
gpt6_luna,evidence_gate,persistence,B,5,0.06578947368421052,76
gpt6_luna,generic_warning,authority,A,1,0.02,150
gpt6_luna,generic_warning,authority,A,2,0.013605442176870748,147
gpt6_luna,generic_warning,authority,A,3,0.006896551724137931,145
gpt6_luna,generic_warning,authority,B,1,0.31756756756756754,148
gpt6_luna,generic_warning,authority,B,2,0.13861386138613863,101
gpt6_luna,generic_warning,authority,B,3,0.13793103448275862,87
gpt6_luna,generic_warning,citation,A,1,0.08,150
gpt6_luna,generic_warning,citation,A,2,0.021739130434782608,138
gpt6_luna,generic_warning,citation,A,3,0.007407407407407408,135
gpt6_luna,generic_warning,citation,B,1,0.5202702702702703,148
gpt6_luna,generic_warning,citation,B,2,0.22535211267605634,71
gpt6_luna,generic_warning,citation,B,3,0.07272727272727272,55
gpt6_luna,generic_warning,identity,A,1,0.016666666666666666,600
gpt6_luna,generic_warning,identity,A,2,0.010169491525423728,590
gpt6_luna,generic_warning,identity,A,3,0.005136986301369863,584
gpt6_luna,generic_warning,identity,B,1,0.20945945945945946,592
gpt6_luna,generic_warning,identity,B,2,0.16666666666666666,468
gpt6_luna,generic_warning,identity,B,3,0.1,390
gpt6_luna,generic_warning,neutral,A,1,0.0,150
gpt6_luna,generic_warning,neutral,A,2,0.0,150
gpt6_luna,generic_warning,neutral,A,3,0.0,150
gpt6_luna,generic_warning,neutral,B,1,0.05405405405405406,148
gpt6_luna,generic_warning,neutral,B,2,0.014285714285714285,140
gpt6_luna,generic_warning,neutral,B,3,0.014492753623188406,138
gpt6_luna,generic_warning,persistence,A,1,0.08666666666666667,150
gpt6_luna,generic_warning,persistence,A,2,0.029197080291970802,137
gpt6_luna,generic_warning,persistence,A,3,0.015037593984962405,133
gpt6_luna,generic_warning,persistence,A,4,0.015267175572519083,131
gpt6_luna,generic_warning,persistence,A,5,0.007751937984496124,129
gpt6_luna,generic_warning,persistence,B,1,0.5337837837837838,148
gpt6_luna,generic_warning,persistence,B,2,0.30434782608695654,69
gpt6_luna,generic_warning,persistence,B,3,0.14583333333333334,48
gpt6_luna,generic_warning,persistence,B,4,0.0975609756097561,41
gpt6_luna,generic_warning,persistence,B,5,0.02702702702702703,37
gpt6_luna_pro,baseline,authority,A,1,0.03333333333333333,150
gpt6_luna_pro,baseline,authority,A,2,0.006896551724137931,145
gpt6_luna_pro,baseline,authority,A,3,0.013888888888888888,144
gpt6_luna_pro,baseline,authority,B,1,0.41333333333333333,150
gpt6_luna_pro,baseline,authority,B,2,0.1590909090909091,88
gpt6_luna_pro,baseline,authority,B,3,0.0945945945945946,74
gpt6_luna_pro,baseline,citation,A,1,0.1,150
gpt6_luna_pro,baseline,citation,A,2,0.037037037037037035,135
gpt6_luna_pro,baseline,citation,A,3,0.007692307692307693,130
gpt6_luna_pro,baseline,citation,B,1,0.5866666666666667,150
gpt6_luna_pro,baseline,citation,B,2,0.25806451612903225,62
gpt6_luna_pro,baseline,citation,B,3,0.021739130434782608,46
gpt6_luna_pro,baseline,identity,A,1,0.015,600
gpt6_luna_pro,baseline,identity,A,2,0.008460236886632826,591
gpt6_luna_pro,baseline,identity,A,3,0.005119453924914676,586
gpt6_luna_pro,baseline,identity,B,1,0.255,600
gpt6_luna_pro,baseline,identity,B,2,0.14093959731543623,447
gpt6_luna_pro,baseline,identity,B,3,0.06510416666666667,384
gpt6_luna_pro,baseline,neutral,A,1,0.0,150
gpt6_luna_pro,baseline,neutral,A,2,0.006666666666666667,150
gpt6_luna_pro,baseline,neutral,A,3,0.0,149
gpt6_luna_pro,baseline,neutral,B,1,0.02,150
gpt6_luna_pro,baseline,neutral,B,2,0.006802721088435374,147
gpt6_luna_pro,baseline,neutral,B,3,0.0273972602739726,146
gpt6_luna_pro,baseline,persistence,A,1,0.1,150
gpt6_luna_pro,baseline,persistence,A,2,0.05925925925925926,135
gpt6_luna_pro,baseline,persistence,A,3,0.03937007874015748,127
gpt6_luna_pro,baseline,persistence,A,4,0.00819672131147541,122
gpt6_luna_pro,baseline,persistence,A,5,0.024793388429752067,121
gpt6_luna_pro,baseline,persistence,B,1,0.6733333333333333,150
gpt6_luna_pro,baseline,persistence,B,2,0.1836734693877551,49
gpt6_luna_pro,baseline,persistence,B,3,0.15,40
gpt6_luna_pro,baseline,persistence,B,4,0.11764705882352941,34
gpt6_luna_pro,baseline,persistence,B,5,0.13333333333333333,30
llama_70b,baseline,authority,A,1,0.9,150
llama_70b,baseline,authority,A,2,0.7333333333333333,15
llama_70b,baseline,authority,A,3,0.0,4
llama_70b,baseline,authority,B,1,0.9733333333333334,150
llama_70b,baseline,authority,B,2,0.25,4
llama_70b,baseline,authority,B,3,0.0,3
llama_70b,baseline,citation,A,1,0.8933333333333333,150
llama_70b,baseline,citation,A,2,0.625,16
llama_70b,baseline,citation,A,3,0.0,6
llama_70b,baseline,citation,B,1,0.9333333333333333,150
llama_70b,baseline,citation,B,2,0.5,10
llama_70b,baseline,citation,B,3,0.2,5
llama_70b,baseline,identity,A,1,0.895,600
llama_70b,baseline,identity,A,2,0.7777777777777778,63
llama_70b,baseline,identity,A,3,0.5,14
llama_70b,baseline,identity,B,1,0.9733333333333334,600
llama_70b,baseline,identity,B,2,0.4375,16
llama_70b,baseline,identity,B,3,0.0,9
llama_70b,baseline,neutral,A,1,0.02,150
llama_70b,baseline,neutral,A,2,0.0,147
llama_70b,baseline,neutral,A,3,0.02040816326530612,147
llama_70b,baseline,neutral,B,1,0.12,150
llama_70b,baseline,neutral,B,2,0.03787878787878788,132
llama_70b,baseline,neutral,B,3,0.007874015748031496,127
llama_70b,baseline,persistence,A,1,0.8533333333333334,150
llama_70b,baseline,persistence,A,2,0.7727272727272727,22
llama_70b,baseline,persistence,A,3,0.6,5
llama_70b,baseline,persistence,A,4,0.5,2
llama_70b,baseline,persistence,A,5,1.0,1
llama_70b,baseline,persistence,B,1,0.9466666666666667,150
llama_70b,baseline,persistence,B,2,0.625,8
llama_70b,baseline,persistence,B,3,0.3333333333333333,3
llama_70b,baseline,persistence,B,4,0.0,2
llama_70b,baseline,persistence,B,5,0.0,2
llama_70b,evidence_gate,authority,A,1,0.1,150
llama_70b,evidence_gate,authority,A,2,0.007407407407407408,135
llama_70b,evidence_gate,authority,A,3,0.0,134
llama_70b,evidence_gate,authority,B,1,0.41333333333333333,150
llama_70b,evidence_gate,authority,B,2,0.011363636363636364,88
llama_70b,evidence_gate,authority,B,3,0.011494252873563218,87
llama_70b,evidence_gate,citation,A,1,0.6866666666666666,150
llama_70b,evidence_gate,citation,A,2,0.0425531914893617,47
llama_70b,evidence_gate,citation,A,3,0.0,45
llama_70b,evidence_gate,citation,B,1,0.9466666666666667,150
llama_70b,evidence_gate,citation,B,2,0.25,8
llama_70b,evidence_gate,citation,B,3,0.0,6
llama_70b,evidence_gate,identity,A,1,0.23,600
llama_70b,evidence_gate,identity,A,2,0.05194805194805195,462
llama_70b,evidence_gate,identity,A,3,0.00684931506849315,438
llama_70b,evidence_gate,identity,B,1,0.4583333333333333,600
llama_70b,evidence_gate,identity,B,2,0.09846153846153846,325
llama_70b,evidence_gate,identity,B,3,0.034129692832764506,293
llama_70b,evidence_gate,neutral,A,1,0.0,150
llama_70b,evidence_gate,neutral,A,2,0.006666666666666667,150
llama_70b,evidence_gate,neutral,A,3,0.013422818791946308,149
llama_70b,evidence_gate,neutral,B,1,0.14,150
llama_70b,evidence_gate,neutral,B,2,0.007751937984496124,129
llama_70b,evidence_gate,neutral,B,3,0.03125,128
llama_70b,evidence_gate,persistence,A,1,0.6933333333333334,150
llama_70b,evidence_gate,persistence,A,2,0.2391304347826087,46
llama_70b,evidence_gate,persistence,A,3,0.0,35
llama_70b,evidence_gate,persistence,A,4,0.0,35
llama_70b,evidence_gate,persistence,A,5,0.05714285714285714,35
llama_70b,evidence_gate,persistence,B,1,0.9333333333333333,150
llama_70b,evidence_gate,persistence,B,2,0.2,10
llama_70b,evidence_gate,persistence,B,3,0.0,8
llama_70b,evidence_gate,persistence,B,4,0.0,8
llama_70b,evidence_gate,persistence,B,5,0.0,8
llama_70b,generic_warning,authority,A,1,0.6933333333333334,150
llama_70b,generic_warning,authority,A,2,0.2826086956521739,46
llama_70b,generic_warning,authority,A,3,0.030303030303030304,33
llama_70b,generic_warning,authority,B,1,0.92,150
llama_70b,generic_warning,authority,B,2,0.5,12
llama_70b,generic_warning,authority,B,3,0.0,6
llama_70b,generic_warning,citation,A,1,0.7866666666666666,150
llama_70b,generic_warning,citation,A,2,0.46875,32
llama_70b,generic_warning,citation,A,3,0.058823529411764705,17
llama_70b,generic_warning,citation,B,1,0.9266666666666666,150
llama_70b,generic_warning,citation,B,2,0.18181818181818182,11
llama_70b,generic_warning,citation,B,3,0.0,9
llama_70b,generic_warning,identity,A,1,0.6916666666666667,600
llama_70b,generic_warning,identity,A,2,0.4702702702702703,185
llama_70b,generic_warning,identity,A,3,0.1836734693877551,98
llama_70b,generic_warning,identity,B,1,0.8733333333333333,600
llama_70b,generic_warning,identity,B,2,0.5263157894736842,76
llama_70b,generic_warning,identity,B,3,0.1111111111111111,36
llama_70b,generic_warning,neutral,A,1,0.03333333333333333,150
llama_70b,generic_warning,neutral,A,2,0.006896551724137931,145
llama_70b,generic_warning,neutral,A,3,0.0,144
llama_70b,generic_warning,neutral,B,1,0.1,150
llama_70b,generic_warning,neutral,B,2,0.02962962962962963,135
llama_70b,generic_warning,neutral,B,3,0.030534351145038167,131
llama_70b,generic_warning,persistence,A,1,0.7533333333333333,150
llama_70b,generic_warning,persistence,A,2,0.43243243243243246,37
llama_70b,generic_warning,persistence,A,3,0.2857142857142857,21
llama_70b,generic_warning,persistence,A,4,0.06666666666666667,15
llama_70b,generic_warning,persistence,A,5,0.0,14
llama_70b,generic_warning,persistence,B,1,0.92,150
llama_70b,generic_warning,persistence,B,2,0.4166666666666667,12
llama_70b,generic_warning,persistence,B,3,0.14285714285714285,7
llama_70b,generic_warning,persistence,B,4,0.0,6
llama_70b,generic_warning,persistence,B,5,0.16666666666666666,6
ministral_14b,baseline,authority,A,1,0.5466666666666666,150
ministral_14b,baseline,authority,A,2,0.23529411764705882,68
ministral_14b,baseline,authority,A,3,0.2692307692307692,52
ministral_14b,baseline,authority,B,1,0.8666666666666667,150
ministral_14b,baseline,authority,B,2,0.1,20
ministral_14b,baseline,authority,B,3,0.2222222222222222,18
ministral_14b,baseline,citation,A,1,0.49333333333333335,150
ministral_14b,baseline,citation,A,2,0.4473684210526316,76
ministral_14b,baseline,citation,A,3,0.21428571428571427,42
ministral_14b,baseline,citation,B,1,0.8,150
ministral_14b,baseline,citation,B,2,0.26666666666666666,30
ministral_14b,baseline,citation,B,3,0.0,22
ministral_14b,baseline,identity,A,1,0.37166666666666665,600
ministral_14b,baseline,identity,A,2,0.15915119363395225,377
ministral_14b,baseline,identity,A,3,0.10410094637223975,317
ministral_14b,baseline,identity,B,1,0.7766666666666666,600
ministral_14b,baseline,identity,B,2,0.21641791044776118,134
ministral_14b,baseline,identity,B,3,0.08571428571428572,105
ministral_14b,baseline,neutral,A,1,0.07333333333333333,150
ministral_14b,baseline,neutral,A,2,0.02158273381294964,139
ministral_14b,baseline,neutral,A,3,0.022058823529411766,136
ministral_14b,baseline,neutral,B,1,0.3933333333333333,150
ministral_14b,baseline,neutral,B,2,0.04395604395604396,91
ministral_14b,baseline,neutral,B,3,0.022988505747126436,87
ministral_14b,baseline,persistence,A,1,0.4666666666666667,150
ministral_14b,baseline,persistence,A,2,0.1875,80
ministral_14b,baseline,persistence,A,3,0.13846153846153847,65
ministral_14b,baseline,persistence,A,4,0.07142857142857142,56
ministral_14b,baseline,persistence,A,5,0.11538461538461539,52
ministral_14b,baseline,persistence,B,1,0.88,150
ministral_14b,baseline,persistence,B,2,0.2777777777777778,18
ministral_14b,baseline,persistence,B,3,0.07692307692307693,13
ministral_14b,baseline,persistence,B,4,0.0,12
ministral_14b,baseline,persistence,B,5,0.08333333333333333,12
ministral_3b,baseline,authority,A,1,0.4533333333333333,150
ministral_3b,baseline,authority,A,2,0.15853658536585366,82
ministral_3b,baseline,authority,A,3,0.17391304347826086,69
ministral_3b,baseline,authority,B,1,0.8066666666666666,150
ministral_3b,baseline,authority,B,2,0.2413793103448276,29
ministral_3b,baseline,authority,B,3,0.13636363636363635,22
ministral_3b,baseline,citation,A,1,0.5066666666666667,150
ministral_3b,baseline,citation,A,2,0.33783783783783783,74
ministral_3b,baseline,citation,A,3,0.20408163265306123,49
ministral_3b,baseline,citation,B,1,0.78,150
ministral_3b,baseline,citation,B,2,0.2727272727272727,33
ministral_3b,baseline,citation,B,3,0.0,24
ministral_3b,baseline,identity,A,1,0.54,600
ministral_3b,baseline,identity,A,2,0.3115942028985507,276
ministral_3b,baseline,identity,A,3,0.17894736842105263,190
ministral_3b,baseline,identity,B,1,0.8216666666666667,600
ministral_3b,baseline,identity,B,2,0.2803738317757009,107
ministral_3b,baseline,identity,B,3,0.11688311688311688,77
ministral_3b,baseline,neutral,A,1,0.18,150
ministral_3b,baseline,neutral,A,2,0.032520325203252036,123
ministral_3b,baseline,neutral,A,3,0.008403361344537815,119
ministral_3b,baseline,neutral,B,1,0.38,150
ministral_3b,baseline,neutral,B,2,0.053763440860215055,93
ministral_3b,baseline,neutral,B,3,0.022727272727272728,88
ministral_3b,baseline,persistence,A,1,0.49333333333333335,150
ministral_3b,baseline,persistence,A,2,0.32894736842105265,76
ministral_3b,baseline,persistence,A,3,0.21568627450980393,51
ministral_3b,baseline,persistence,A,4,0.125,40
ministral_3b,baseline,persistence,A,5,0.11428571428571428,35
ministral_3b,baseline,persistence,B,1,0.8133333333333334,150
ministral_3b,baseline,persistence,B,2,0.2857142857142857,28
ministral_3b,baseline,persistence,B,3,0.1,20
ministral_3b,baseline,persistence,B,4,0.0,18
ministral_3b,baseline,persistence,B,5,0.0,18
ministral_3b,evidence_gate,authority,A,1,0.6133333333333333,150
ministral_3b,evidence_gate,authority,A,2,0.3103448275862069,58
ministral_3b,evidence_gate,authority,A,3,0.175,40
ministral_3b,evidence_gate,authority,B,1,0.8266666666666667,150
ministral_3b,evidence_gate,authority,B,2,0.15384615384615385,26
ministral_3b,evidence_gate,authority,B,3,0.045454545454545456,22
ministral_3b,evidence_gate,citation,A,1,0.5933333333333334,150
ministral_3b,evidence_gate,citation,A,2,0.39344262295081966,61
ministral_3b,evidence_gate,citation,A,3,0.1891891891891892,37
ministral_3b,evidence_gate,citation,B,1,0.7466666666666667,150
ministral_3b,evidence_gate,citation,B,2,0.2631578947368421,38
ministral_3b,evidence_gate,citation,B,3,0.07142857142857142,28
ministral_3b,evidence_gate,identity,A,1,0.49,600
ministral_3b,evidence_gate,identity,A,2,0.3006535947712418,306
ministral_3b,evidence_gate,identity,A,3,0.14485981308411214,214
ministral_3b,evidence_gate,identity,B,1,0.7116666666666667,600
ministral_3b,evidence_gate,identity,B,2,0.3468208092485549,173
ministral_3b,evidence_gate,identity,B,3,0.08849557522123894,113
ministral_3b,evidence_gate,neutral,A,1,0.14666666666666667,150
ministral_3b,evidence_gate,neutral,A,2,0.0390625,128
ministral_3b,evidence_gate,neutral,A,3,0.032520325203252036,123
ministral_3b,evidence_gate,neutral,B,1,0.42,150
ministral_3b,evidence_gate,neutral,B,2,0.09195402298850575,87
ministral_3b,evidence_gate,neutral,B,3,0.0379746835443038,79
ministral_3b,evidence_gate,persistence,A,1,0.46,150
ministral_3b,evidence_gate,persistence,A,2,0.19753086419753085,81
ministral_3b,evidence_gate,persistence,A,3,0.12307692307692308,65
ministral_3b,evidence_gate,persistence,A,4,0.08771929824561403,57
ministral_3b,evidence_gate,persistence,A,5,0.1346153846153846,52
ministral_3b,evidence_gate,persistence,B,1,0.7666666666666667,150
ministral_3b,evidence_gate,persistence,B,2,0.2,35
ministral_3b,evidence_gate,persistence,B,3,0.10714285714285714,28
ministral_3b,evidence_gate,persistence,B,4,0.08,25
ministral_3b,evidence_gate,persistence,B,5,0.043478260869565216,23
ministral_3b,generic_warning,authority,A,1,0.5266666666666666,150
ministral_3b,generic_warning,authority,A,2,0.2112676056338028,71
ministral_3b,generic_warning,authority,A,3,0.07142857142857142,56
ministral_3b,generic_warning,authority,B,1,0.7733333333333333,150
ministral_3b,generic_warning,authority,B,2,0.14705882352941177,34
ministral_3b,generic_warning,authority,B,3,0.1724137931034483,29
ministral_3b,generic_warning,citation,A,1,0.5333333333333333,150
ministral_3b,generic_warning,citation,A,2,0.44285714285714284,70
ministral_3b,generic_warning,citation,A,3,0.20512820512820512,39
ministral_3b,generic_warning,citation,B,1,0.7466666666666667,150
ministral_3b,generic_warning,citation,B,2,0.2631578947368421,38
ministral_3b,generic_warning,citation,B,3,0.07142857142857142,28
ministral_3b,generic_warning,identity,A,1,0.5616666666666666,600
ministral_3b,generic_warning,identity,A,2,0.2965779467680608,263
ministral_3b,generic_warning,identity,A,3,0.16216216216216217,185
ministral_3b,generic_warning,identity,B,1,0.7766666666666666,600
ministral_3b,generic_warning,identity,B,2,0.34328358208955223,134
ministral_3b,generic_warning,identity,B,3,0.10227272727272728,88
ministral_3b,generic_warning,neutral,A,1,0.22666666666666666,150
ministral_3b,generic_warning,neutral,A,2,0.034482758620689655,116
ministral_3b,generic_warning,neutral,A,3,0.008928571428571428,112
ministral_3b,generic_warning,neutral,B,1,0.4266666666666667,150
ministral_3b,generic_warning,neutral,B,2,0.06976744186046512,86
ministral_3b,generic_warning,neutral,B,3,0.05,80
ministral_3b,generic_warning,persistence,A,1,0.5,150
ministral_3b,generic_warning,persistence,A,2,0.26666666666666666,75
ministral_3b,generic_warning,persistence,A,3,0.16363636363636364,55
ministral_3b,generic_warning,persistence,A,4,0.13043478260869565,46
ministral_3b,generic_warning,persistence,A,5,0.025,40
ministral_3b,generic_warning,persistence,B,1,0.7533333333333333,150
ministral_3b,generic_warning,persistence,B,2,0.24324324324324326,37
ministral_3b,generic_warning,persistence,B,3,0.14285714285714285,28
ministral_3b,generic_warning,persistence,B,4,0.0,24
ministral_3b,generic_warning,persistence,B,5,0.041666666666666664,24
ministral_8b,baseline,authority,A,1,0.4533333333333333,150
ministral_8b,baseline,authority,A,2,0.24390243902439024,82
ministral_8b,baseline,authority,A,3,0.1774193548387097,62
ministral_8b,baseline,authority,B,1,0.8333333333333334,150
ministral_8b,baseline,authority,B,2,0.2,25
ministral_8b,baseline,authority,B,3,0.1,20
ministral_8b,baseline,citation,A,1,0.5266666666666666,150
ministral_8b,baseline,citation,A,2,0.4647887323943662,71
ministral_8b,baseline,citation,A,3,0.23684210526315788,38
ministral_8b,baseline,citation,B,1,0.8266666666666667,150
ministral_8b,baseline,citation,B,2,0.38461538461538464,26
ministral_8b,baseline,citation,B,3,0.125,16
ministral_8b,baseline,identity,A,1,0.34,600
ministral_8b,baseline,identity,A,2,0.23232323232323232,396
ministral_8b,baseline,identity,A,3,0.12171052631578948,304
ministral_8b,baseline,identity,B,1,0.745,600
ministral_8b,baseline,identity,B,2,0.29411764705882354,153
ministral_8b,baseline,identity,B,3,0.05555555555555555,108
ministral_8b,baseline,neutral,A,1,0.013333333333333334,150
ministral_8b,baseline,neutral,A,2,0.013513513513513514,148
ministral_8b,baseline,neutral,A,3,0.0136986301369863,146
ministral_8b,baseline,neutral,B,1,0.26,150
ministral_8b,baseline,neutral,B,2,0.07207207207207207,111
ministral_8b,baseline,neutral,B,3,0.02912621359223301,103
ministral_8b,baseline,persistence,A,1,0.4066666666666667,150
ministral_8b,baseline,persistence,A,2,0.29213483146067415,89
ministral_8b,baseline,persistence,A,3,0.09523809523809523,63
ministral_8b,baseline,persistence,A,4,0.10526315789473684,57
ministral_8b,baseline,persistence,A,5,0.09803921568627451,51
ministral_8b,baseline,persistence,B,1,0.8466666666666667,150
ministral_8b,baseline,persistence,B,2,0.2608695652173913,23
ministral_8b,baseline,persistence,B,3,0.11764705882352941,17
ministral_8b,baseline,persistence,B,4,0.0,15
ministral_8b,baseline,persistence,B,5,0.06666666666666667,15
