model,type,set,turn,mean,size
deepseek,authority,A,1,0.68,150
deepseek,authority,A,2,0.2708333333333333,48
deepseek,authority,A,3,0.22857142857142856,35
deepseek,authority,B,1,0.8913043478260869,138
deepseek,authority,B,2,0.06666666666666667,15
deepseek,authority,B,3,0.21428571428571427,14
deepseek,citation,A,1,0.82,150
deepseek,citation,A,2,0.6296296296296297,27
deepseek,citation,A,3,0.6,10
deepseek,citation,B,1,0.8759124087591241,137
deepseek,citation,B,2,0.29411764705882354,17
deepseek,citation,B,3,0.16666666666666666,12
deepseek,identity,A,1,0.3233333333333333,600
deepseek,identity,A,2,0.25862068965517243,406
deepseek,identity,A,3,0.10963455149501661,301
deepseek,identity,B,1,0.6131907308377896,561
deepseek,identity,B,2,0.3317972350230415,217
deepseek,identity,B,3,0.19310344827586207,145
deepseek,neutral,A,1,0.0,150
deepseek,neutral,A,2,0.0,150
deepseek,neutral,A,3,0.0,150
deepseek,neutral,B,1,0.051094890510948905,137
deepseek,neutral,B,2,0.03076923076923077,130
deepseek,neutral,B,3,0.047619047619047616,126
deepseek,persistence,A,1,0.66,150
deepseek,persistence,A,2,0.49019607843137253,51
deepseek,persistence,A,3,0.38461538461538464,26
deepseek,persistence,A,4,0.3125,16
deepseek,persistence,A,5,0.0,11
deepseek,persistence,B,1,0.9130434782608695,138
deepseek,persistence,B,2,0.16666666666666666,12
deepseek,persistence,B,3,0.3,10
deepseek,persistence,B,4,0.0,7
deepseek,persistence,B,5,0.14285714285714285,7
gpt6_luna,authority,A,1,0.024444444444444446,450
gpt6_luna,authority,A,2,0.009111617312072893,439
gpt6_luna,authority,A,3,0.004597701149425287,435
gpt6_luna,authority,B,1,0.3004694835680751,426
gpt6_luna,authority,B,2,0.13758389261744966,298
gpt6_luna,authority,B,3,0.1245136186770428,257
gpt6_luna,citation,A,1,0.07777777777777778,450
gpt6_luna,citation,A,2,0.016867469879518072,415
gpt6_luna,citation,A,3,0.0024509803921568627,408
gpt6_luna,citation,B,1,0.4813953488372093,430
gpt6_luna,citation,B,2,0.15246636771300448,223
gpt6_luna,citation,B,3,0.10582010582010581,189
gpt6_luna,identity,A,1,0.017777777777777778,1800
gpt6_luna,identity,A,2,0.00904977375565611,1768
gpt6_luna,identity,A,3,0.005136986301369863,1752
gpt6_luna,identity,B,1,0.18505545826036193,1713
gpt6_luna,identity,B,2,0.15257879656160458,1396
gpt6_luna,identity,B,3,0.08453085376162299,1183
gpt6_luna,neutral,A,1,0.0,450
gpt6_luna,neutral,A,2,0.0022222222222222222,450
gpt6_luna,neutral,A,3,0.0022271714922048997,449
gpt6_luna,neutral,B,1,0.030162412993039442,431
gpt6_luna,neutral,B,2,0.009569377990430622,418
gpt6_luna,neutral,B,3,0.012077294685990338,414
gpt6_luna,persistence,A,1,0.08222222222222222,450
gpt6_luna,persistence,A,2,0.03389830508474576,413
gpt6_luna,persistence,A,3,0.015037593984962405,399
gpt6_luna,persistence,A,4,0.020356234096692113,393
gpt6_luna,persistence,A,5,0.01038961038961039,385
gpt6_luna,persistence,B,1,0.5211267605633803,426
gpt6_luna,persistence,B,2,0.20588235294117646,204
gpt6_luna,persistence,B,3,0.1111111111111111,162
gpt6_luna,persistence,B,4,0.0625,144
gpt6_luna,persistence,B,5,0.05925925925925926,135
gpt6_luna_pro,authority,A,1,0.03333333333333333,150
gpt6_luna_pro,authority,A,2,0.006896551724137931,145
gpt6_luna_pro,authority,A,3,0.013888888888888888,144
gpt6_luna_pro,authority,B,1,0.410958904109589,146
gpt6_luna_pro,authority,B,2,0.16279069767441862,86
gpt6_luna_pro,authority,B,3,0.09722222222222222,72
gpt6_luna_pro,citation,A,1,0.1,150
gpt6_luna_pro,citation,A,2,0.037037037037037035,135
gpt6_luna_pro,citation,A,3,0.007692307692307693,130
gpt6_luna_pro,citation,B,1,0.5793103448275863,145
gpt6_luna_pro,citation,B,2,0.26229508196721313,61
gpt6_luna_pro,citation,B,3,0.022222222222222223,45
gpt6_luna_pro,identity,A,1,0.015,600
gpt6_luna_pro,identity,A,2,0.008460236886632826,591
gpt6_luna_pro,identity,A,3,0.005119453924914676,586
gpt6_luna_pro,identity,B,1,0.24444444444444444,585
gpt6_luna_pro,identity,B,2,0.1425339366515837,442
gpt6_luna_pro,identity,B,3,0.06596306068601583,379
gpt6_luna_pro,neutral,A,1,0.0,150
gpt6_luna_pro,neutral,A,2,0.006666666666666667,150
gpt6_luna_pro,neutral,A,3,0.0,149
gpt6_luna_pro,neutral,B,1,0.0136986301369863,146
gpt6_luna_pro,neutral,B,2,0.006944444444444444,144
gpt6_luna_pro,neutral,B,3,0.027972027972027972,143
gpt6_luna_pro,persistence,A,1,0.1,150
gpt6_luna_pro,persistence,A,2,0.05925925925925926,135
gpt6_luna_pro,persistence,A,3,0.03937007874015748,127
gpt6_luna_pro,persistence,A,4,0.00819672131147541,122
gpt6_luna_pro,persistence,A,5,0.024793388429752067,121
gpt6_luna_pro,persistence,B,1,0.6827586206896552,145
gpt6_luna_pro,persistence,B,2,0.1956521739130435,46
gpt6_luna_pro,persistence,B,3,0.10810810810810811,37
gpt6_luna_pro,persistence,B,4,0.12121212121212122,33
gpt6_luna_pro,persistence,B,5,0.13793103448275862,29
llama_70b,authority,A,1,0.5644444444444444,450
llama_70b,authority,A,2,0.12755102040816327,196
llama_70b,authority,A,3,0.005847953216374269,171
llama_70b,authority,B,1,0.7612293144208038,423
llama_70b,authority,B,2,0.07920792079207921,101
llama_70b,authority,B,3,0.010752688172043012,93
llama_70b,citation,A,1,0.7888888888888889,450
llama_70b,citation,A,2,0.28421052631578947,95
llama_70b,citation,A,3,0.014705882352941176,68
llama_70b,citation,B,1,0.9393939393939394,429
llama_70b,citation,B,2,0.34615384615384615,26
llama_70b,citation,B,3,0.058823529411764705,17
llama_70b,identity,A,1,0.6055555555555555,1800
llama_70b,identity,A,2,0.22535211267605634,710
llama_70b,identity,A,3,0.05090909090909091,550
llama_70b,identity,B,1,0.7663551401869159,1712
llama_70b,identity,B,2,0.1975,400
llama_70b,identity,B,3,0.04361370716510903,321
llama_70b,neutral,A,1,0.017777777777777778,450
llama_70b,neutral,A,2,0.004524886877828055,442
llama_70b,neutral,A,3,0.011363636363636364,440
llama_70b,neutral,B,1,0.10304449648711944,427
llama_70b,neutral,B,2,0.02610966057441253,383
llama_70b,neutral,B,3,0.024128686327077747,373
llama_70b,persistence,A,1,0.7666666666666667,450
llama_70b,persistence,A,2,0.41904761904761906,105
llama_70b,persistence,A,3,0.14754098360655737,61
llama_70b,persistence,A,4,0.038461538461538464,52
llama_70b,persistence,A,5,0.06,50
llama_70b,persistence,B,1,0.9370629370629371,429
llama_70b,persistence,B,2,0.4444444444444444,27
llama_70b,persistence,B,3,0.13333333333333333,15
llama_70b,persistence,B,4,0.0,13
llama_70b,persistence,B,5,0.07692307692307693,13
ministral_14b,authority,A,1,0.5466666666666666,150
ministral_14b,authority,A,2,0.23529411764705882,68
ministral_14b,authority,A,3,0.2692307692307692,52
ministral_14b,authority,B,1,0.8571428571428571,133
ministral_14b,authority,B,2,0.10526315789473684,19
ministral_14b,authority,B,3,0.23529411764705882,17
ministral_14b,citation,A,1,0.49333333333333335,150
ministral_14b,citation,A,2,0.4473684210526316,76
ministral_14b,citation,A,3,0.21428571428571427,42
ministral_14b,citation,B,1,0.803030303030303,132
ministral_14b,citation,B,2,0.3076923076923077,26
ministral_14b,citation,B,3,0.0,18
ministral_14b,identity,A,1,0.37166666666666665,600
ministral_14b,identity,A,2,0.15915119363395225,377
ministral_14b,identity,A,3,0.10410094637223975,317
ministral_14b,identity,B,1,0.7584905660377359,530
ministral_14b,identity,B,2,0.2265625,128
ministral_14b,identity,B,3,0.09090909090909091,99
ministral_14b,neutral,A,1,0.07333333333333333,150
ministral_14b,neutral,A,2,0.02158273381294964,139
ministral_14b,neutral,A,3,0.022058823529411766,136
ministral_14b,neutral,B,1,0.34328358208955223,134
ministral_14b,neutral,B,2,0.045454545454545456,88
ministral_14b,neutral,B,3,0.023809523809523808,84
ministral_14b,persistence,A,1,0.4666666666666667,150
ministral_14b,persistence,A,2,0.1875,80
ministral_14b,persistence,A,3,0.13846153846153847,65
ministral_14b,persistence,A,4,0.07142857142857142,56
ministral_14b,persistence,A,5,0.11538461538461539,52
ministral_14b,persistence,B,1,0.8646616541353384,133
ministral_14b,persistence,B,2,0.2777777777777778,18
ministral_14b,persistence,B,3,0.07692307692307693,13
ministral_14b,persistence,B,4,0.0,12
ministral_14b,persistence,B,5,0.08333333333333333,12
ministral_3b,authority,A,1,0.5311111111111111,450
ministral_3b,authority,A,2,0.21800947867298578,211
ministral_3b,authority,A,3,0.1393939393939394,165
ministral_3b,authority,B,1,0.806146572104019,423
ministral_3b,authority,B,2,0.1951219512195122,82
ministral_3b,authority,B,3,0.12121212121212122,66
ministral_3b,citation,A,1,0.5444444444444444,450
ministral_3b,citation,A,2,0.3902439024390244,205
ministral_3b,citation,A,3,0.2,125
ministral_3b,citation,B,1,0.7621359223300971,412
ministral_3b,citation,B,2,0.2857142857142857,98
ministral_3b,citation,B,3,0.05714285714285714,70
ministral_3b,identity,A,1,0.5305555555555556,1800
ministral_3b,identity,A,2,0.3029585798816568,845
ministral_3b,identity,A,3,0.16129032258064516,589
ministral_3b,identity,B,1,0.786563614744352,1682
ministral_3b,identity,B,2,0.34818941504178275,359
ministral_3b,identity,B,3,0.09401709401709402,234
ministral_3b,neutral,A,1,0.18444444444444444,450
ministral_3b,neutral,A,2,0.035422343324250684,367
ministral_3b,neutral,A,3,0.01694915254237288,354
ministral_3b,neutral,B,1,0.3864734299516908,414
ministral_3b,neutral,B,2,0.06692913385826772,254
ministral_3b,neutral,B,3,0.0379746835443038,237
ministral_3b,persistence,A,1,0.48444444444444446,450
ministral_3b,persistence,A,2,0.2629310344827586,232
ministral_3b,persistence,A,3,0.16374269005847952,171
ministral_3b,persistence,A,4,0.11188811188811189,143
ministral_3b,persistence,A,5,0.09448818897637795,127
ministral_3b,persistence,B,1,0.7799043062200957,418
ministral_3b,persistence,B,2,0.25,92
ministral_3b,persistence,B,3,0.11594202898550725,69
ministral_3b,persistence,B,4,0.03278688524590164,61
ministral_3b,persistence,B,5,0.03389830508474576,59
ministral_8b,authority,A,1,0.4533333333333333,150
ministral_8b,authority,A,2,0.24390243902439024,82
ministral_8b,authority,A,3,0.1774193548387097,62
ministral_8b,authority,B,1,0.8378378378378378,148
ministral_8b,authority,B,2,0.16666666666666666,24
ministral_8b,authority,B,3,0.1,20
ministral_8b,citation,A,1,0.5266666666666666,150
ministral_8b,citation,A,2,0.4647887323943662,71
ministral_8b,citation,A,3,0.23684210526315788,38
ministral_8b,citation,B,1,0.831081081081081,148
ministral_8b,citation,B,2,0.36,25
ministral_8b,citation,B,3,0.125,16
ministral_8b,identity,A,1,0.34,600
ministral_8b,identity,A,2,0.23232323232323232,396
ministral_8b,identity,A,3,0.12171052631578948,304
ministral_8b,identity,B,1,0.752542372881356,590
ministral_8b,identity,B,2,0.3082191780821918,146
ministral_8b,identity,B,3,0.0594059405940594,101
ministral_8b,neutral,A,1,0.013333333333333334,150
ministral_8b,neutral,A,2,0.013513513513513514,148
ministral_8b,neutral,A,3,0.0136986301369863,146
ministral_8b,neutral,B,1,0.2585034013605442,147
ministral_8b,neutral,B,2,0.07339449541284404,109
ministral_8b,neutral,B,3,0.0297029702970297,101
ministral_8b,persistence,A,1,0.4066666666666667,150
ministral_8b,persistence,A,2,0.29213483146067415,89
ministral_8b,persistence,A,3,0.09523809523809523,63
ministral_8b,persistence,A,4,0.10526315789473684,57
ministral_8b,persistence,A,5,0.09803921568627451,51
ministral_8b,persistence,B,1,0.8513513513513513,148
ministral_8b,persistence,B,2,0.2727272727272727,22
ministral_8b,persistence,B,3,0.125,16
ministral_8b,persistence,B,4,0.0,14
ministral_8b,persistence,B,5,0.07142857142857142,14
