model,test,p_raw,p_holm,family
deepseek,"H1 citation vs plain, c",0.0004997501249375312,0.0009995002498750624,"2 per-model tests (H1, H2); H3's omnibus comparison across models is reported separately, uncorrected"
deepseek,H2 strength,0.580978654384605,0.580978654384605,"2 per-model tests (H1, H2); H3's omnibus comparison across models is reported separately, uncorrected"
gpt6_luna,"H1 citation vs plain, c",0.0014992503748125937,0.004497751124437781,"3 per-model tests (H1, H2, H4); H3's omnibus comparison across models is reported separately, uncorrected"
gpt6_luna,H2 strength,0.999847191777269,1.0,"3 per-model tests (H1, H2, H4); H3's omnibus comparison across models is reported separately, uncorrected"
gpt6_luna,H4 gate raises d',1.0,1.0,"3 per-model tests (H1, H2, H4); H3's omnibus comparison across models is reported separately, uncorrected"
gpt6_luna_pro,"H1 citation vs plain, c",0.0004997501249375312,0.0009995002498750624,"2 per-model tests (H1, H2); H3's omnibus comparison across models is reported separately, uncorrected"
gpt6_luna_pro,H2 strength,0.9999106763161579,0.9999106763161579,"2 per-model tests (H1, H2); H3's omnibus comparison across models is reported separately, uncorrected"
llama_70b,"H1 citation vs plain, c",0.952023988005997,1.0,"3 per-model tests (H1, H2, H4); H3's omnibus comparison across models is reported separately, uncorrected"
llama_70b,H2 strength,0.8417783172210569,1.0,"3 per-model tests (H1, H2, H4); H3's omnibus comparison across models is reported separately, uncorrected"
llama_70b,H4 gate raises d',0.014992503748125937,0.04497751124437781,"3 per-model tests (H1, H2, H4); H3's omnibus comparison across models is reported separately, uncorrected"
ministral_14b,"H1 citation vs plain, c",0.0004997501249375312,0.0009995002498750624,"2 per-model tests (H1, H2); H3's omnibus comparison across models is reported separately, uncorrected"
ministral_14b,H2 strength,0.005354203994438062,0.005354203994438062,"2 per-model tests (H1, H2); H3's omnibus comparison across models is reported separately, uncorrected"
ministral_3b,"H1 citation vs plain, c",0.27386306846576713,0.8215892053973014,"3 per-model tests (H1, H2, H4); H3's omnibus comparison across models is reported separately, uncorrected"
ministral_3b,H2 strength,0.962478714070528,1.0,"3 per-model tests (H1, H2, H4); H3's omnibus comparison across models is reported separately, uncorrected"
ministral_3b,H4 gate raises d',0.9345327336331833,1.0,"3 per-model tests (H1, H2, H4); H3's omnibus comparison across models is reported separately, uncorrected"
ministral_8b,"H1 citation vs plain, c",0.0004997501249375312,0.0009995002498750624,"2 per-model tests (H1, H2); H3's omnibus comparison across models is reported separately, uncorrected"
ministral_8b,H2 strength,0.7466416996338523,0.7466416996338523,"2 per-model tests (H1, H2); H3's omnibus comparison across models is reported separately, uncorrected"
