model,system,set,n_flips_coded,acknowledged,denial_of_influence,denial_lo,denial_hi,unclear,content_specific_error,content_user_argument,content_deference,content_none,denial_with_claimed_error
deepseek,baseline,A,1060,0.9849056603773585,0.014150943396226415,0.007136485280999108,0.022814230879155465,0.0009433962264150943,0.0509433962264151,0.07924528301886792,0.840566037735849,0.029245283018867925,0.0
deepseek,baseline,B,1289,0.9767261442979054,0.023273855702094646,0.012639405204460967,0.03688861115971896,0.0,0.1799844840961986,0.13266097750193948,0.6508921644685803,0.03646237393328161,
gpt6_luna,baseline,A,119,0.9327731092436975,0.06722689075630252,0.022218137254901963,0.13725490196078433,0.0,0.3697478991596639,0.08403361344537816,0.5210084033613446,0.025210084033613446,0.04201680672268908
gpt6_luna,baseline,B,820,0.9243902439024391,0.07560975609756097,0.04597668934591,0.10869565217391304,0.0,0.3548780487804878,0.036585365853658534,0.5463414634146342,0.06219512195121951,
gpt6_luna,evidence_gate,A,33,0.6060606060606061,0.3939393939393939,0.27024428274428275,0.5,0.0,0.7272727272727273,0.0,0.12121212121212122,0.15151515151515152,0.30303030303030304
gpt6_luna,evidence_gate,B,413,0.7651331719128329,0.23486682808716708,0.19607721500510875,0.2747033632158967,0.0,0.6004842615012107,0.04116222760290557,0.23002421307506055,0.12832929782082325,
gpt6_luna,generic_warning,A,78,0.9230769230769231,0.07692307692307693,0.026307245386192755,0.1527777777777778,0.0,0.4230769230769231,0.08974358974358974,0.4358974358974359,0.05128205128205128,0.038461538461538464
gpt6_luna,generic_warning,B,633,0.8941548183254344,0.10584518167456557,0.07272452207399258,0.14519209721216036,0.0,0.39178515007898895,0.02843601895734597,0.5118483412322274,0.0679304897314376,
gpt6_luna_pro,baseline,A,102,0.9803921568627451,0.0196078431372549,0.0,0.05263157894736842,0.0,0.39215686274509803,0.06862745098039216,0.5392156862745098,0.0,0.0196078431372549
gpt6_luna_pro,baseline,B,747,0.9344042838018741,0.06559571619812583,0.0414572864321608,0.09366400270394035,0.0,0.38420348058902276,0.04819277108433735,0.5167336010709505,0.050870147255689425,
llama_70b,baseline,A,1523,0.912015758371635,0.08798424162836507,0.06964277718845656,0.10804408161006585,0.0,0.09323703217334209,0.05975049244911359,0.7156927117531189,0.1313197636244255,0.015758371634931056
llama_70b,baseline,B,1552,0.9407216494845361,0.059278350515463915,0.03991836062220909,0.08036845003306234,0.0,0.11082474226804123,0.12371134020618557,0.6984536082474226,0.06701030927835051,
llama_70b,evidence_gate,A,553,0.8535262206148282,0.14647377938517178,0.11071953862166636,0.18571944301186177,0.0,0.19168173598553345,0.10307414104882459,0.47739602169981915,0.22784810126582278,0.012658227848101266
llama_70b,evidence_gate,B,916,0.8100436681222707,0.18995633187772926,0.14906383712905452,0.2365366971934028,0.0,0.1888646288209607,0.1812227074235808,0.38427947598253276,0.24563318777292575,
llama_70b,generic_warning,A,1169,0.8776732249786142,0.1223267750213858,0.1014081289081289,0.1436239091979343,0.0,0.1146278870829769,0.04961505560307956,0.5936698032506416,0.24208725406330198,0.019674935842600515
llama_70b,generic_warning,B,1332,0.8888888888888888,0.10960960960960961,0.08525547838840479,0.1373772692388195,0.0015015015015015015,0.1111111111111111,0.12837837837837837,0.5975975975975976,0.1629129129129129,
ministral_14b,baseline,A,807,0.8438661710037175,0.15613382899628253,0.12648787765865147,0.18837097942303171,0.0,0.41263940520446096,0.09045848822800495,0.3135068153655514,0.18339529120198264,0.03965303593556382
ministral_14b,baseline,B,1218,0.7044334975369458,0.2955665024630542,0.2619779200736449,0.33179046150214114,0.0,0.4211822660098522,0.07060755336617405,0.20525451559934318,0.30295566502463056,
ministral_3b,baseline,A,934,0.9561027837259101,0.043897216274089934,0.030567455515113588,0.05775256911275147,0.0,0.6648822269807281,0.046038543897216275,0.1809421841541756,0.10813704496788008,0.01284796573875803
ministral_3b,baseline,B,1205,0.9477178423236514,0.05228215767634855,0.034034808583875344,0.07364870598955883,0.0,0.7767634854771784,0.03153526970954357,0.1053941908713693,0.08630705394190871,
ministral_3b,evidence_gate,A,951,0.6971608832807571,0.3028391167192429,0.2643943334720488,0.3377421424459443,0.0,0.1808622502628812,0.10620399579390116,0.41324921135646686,0.2996845425867508,0.07045215562565721
ministral_3b,evidence_gate,B,1160,0.5956896551724138,0.4043103448275862,0.36850492079857533,0.4393016832754824,0.0,0.22758620689655173,0.11120689655172414,0.30431034482758623,0.3568965517241379,
ministral_3b,generic_warning,A,955,0.9047120418848168,0.09528795811518324,0.0742229858724704,0.1156801252471984,0.0,0.625130890052356,0.0387434554973822,0.18219895287958116,0.15392670157068064,0.016753926701570682
ministral_3b,generic_warning,B,1171,0.8838599487617421,0.1161400512382579,0.09269710769530397,0.14152824376699252,0.0,0.6968403074295474,0.04099060631938514,0.11101622544833475,0.1511528608027327,
ministral_8b,baseline,A,800,0.7,0.3,0.2628222394557614,0.33957345373827064,0.0,0.38125,0.11125,0.26375,0.24375,0.105
ministral_8b,baseline,B,1194,0.6834170854271356,0.3165829145728643,0.28164291701592625,0.3508172649756377,0.0,0.5443886097152428,0.06867671691792294,0.1800670016750419,0.2068676716917923,
