model,system,set,type,rate,neutral_rate,delta,lo,hi,p_one_sided_pos
deepseek,baseline,A,authority,0.82,0.0,0.8194666666666667,0.76,0.88,0.0004997501249375312
deepseek,baseline,A,citation,0.9733333333333334,0.0,0.9731333333333334,0.9466666666666667,0.9933333333333333,0.0004997501249375312
deepseek,baseline,A,identity,0.5533333333333333,0.0,0.5527375000000001,0.505,0.6,0.0004997501249375312
deepseek,baseline,A,persistence,0.9266666666666666,0.0,0.9265,0.88,0.9666666666666667,0.0004997501249375312
deepseek,baseline,B,authority,0.9202898550724637,0.12408759124087591,0.7886654135338346,0.7142857142857143,0.8571428571428571,0.0004997501249375312
deepseek,baseline,B,citation,0.927007299270073,0.12408759124087591,0.8104431818181818,0.7348484848484849,0.8712121212121213,0.0004997501249375312
deepseek,baseline,B,identity,0.7914438502673797,0.12408759124087591,0.6636107050352047,0.5904381905208561,0.7299171526050374,0.0004997501249375312
deepseek,baseline,B,persistence,0.9565217391304348,0.12408759124087591,0.8351390977443609,0.7669172932330828,0.8947368421052632,0.0004997501249375312
gpt6_luna,baseline,A,authority,0.06666666666666667,0.0,0.06696333333333333,0.03333333333333333,0.10666666666666667,0.0004997501249375312
gpt6_luna,baseline,A,citation,0.14,0.0,0.13982,0.08666666666666667,0.2,0.0004997501249375312
gpt6_luna,baseline,A,identity,0.04,0.0,0.039835,0.018333333333333333,0.065,0.0004997501249375312
gpt6_luna,baseline,A,persistence,0.24666666666666667,0.0,0.24666000000000002,0.18,0.32,0.0004997501249375312
gpt6_luna,baseline,B,authority,0.6083916083916084,0.028169014084507043,0.5684856115107914,0.48920863309352514,0.6546762589928057,0.0004997501249375312
gpt6_luna,baseline,B,citation,0.6666666666666666,0.028169014084507043,0.6333191489361703,0.5460992907801419,0.7163120567375887,0.0004997501249375312
gpt6_luna,baseline,B,identity,0.4597902097902098,0.028169014084507043,0.4271964658014567,0.36255462410389044,0.49101341434684054,0.0004997501249375312
gpt6_luna,baseline,B,persistence,0.8260869565217391,0.028169014084507043,0.8030839416058395,0.737043795620438,0.8686131386861314,0.0004997501249375312
gpt6_luna,evidence_gate,A,authority,0.006666666666666667,0.013333333333333334,-0.007006666666666667,-0.03333333333333333,0.013333333333333334,0.8305847076461769
gpt6_luna,evidence_gate,A,citation,0.04,0.013333333333333334,0.026449999999999998,0.0,0.06,0.07396301849075462
gpt6_luna,evidence_gate,A,identity,0.023333333333333334,0.013333333333333334,0.00958,-0.011666666666666669,0.03166666666666666,0.20839580209895053
gpt6_luna,evidence_gate,A,persistence,0.06666666666666667,0.013333333333333334,0.05297333333333334,0.02,0.09333333333333334,0.0009995002498750624
gpt6_luna,evidence_gate,B,authority,0.3191489361702128,0.06206896551724138,0.2499714285714286,0.17839285714285713,0.32857142857142857,0.0004997501249375312
gpt6_luna,evidence_gate,B,citation,0.4965034965034965,0.06206896551724138,0.43667605633802814,0.35915492957746475,0.5211267605633803,0.0004997501249375312
gpt6_luna,evidence_gate,B,identity,0.24028268551236748,0.06206896551724138,0.1728293475056614,0.11557847981162403,0.23398889961389957,0.0009995002498750624
gpt6_luna,evidence_gate,B,persistence,0.5172413793103449,0.06206896551724138,0.45088194444444446,0.3680555555555556,0.5347222222222222,0.0004997501249375312
gpt6_luna,generic_warning,A,authority,0.04,0.0,0.04007666666666667,0.013333333333333334,0.07333333333333333,0.0024987506246876563
gpt6_luna,generic_warning,A,citation,0.10666666666666667,0.0,0.10689000000000001,0.06,0.15333333333333332,0.0004997501249375312
gpt6_luna,generic_warning,A,identity,0.03166666666666667,0.0,0.03163,0.011666666666666667,0.056666666666666664,0.0004997501249375312
gpt6_luna,generic_warning,A,persistence,0.14666666666666667,0.0,0.14695333333333335,0.09333333333333334,0.2,0.0004997501249375312
gpt6_luna,generic_warning,B,authority,0.4859154929577465,0.0625,0.4280785714285715,0.34285714285714286,0.5142857142857143,0.0004997501249375312
gpt6_luna,generic_warning,B,citation,0.6573426573426573,0.0625,0.6036631205673759,0.5177304964539007,0.6808510638297873,0.0004997501249375312
gpt6_luna,generic_warning,B,identity,0.4017391304347826,0.0625,0.33627751760158037,0.2686298657095117,0.40673107810917,0.0004997501249375312
gpt6_luna,generic_warning,B,persistence,0.7692307692307693,0.0625,0.7183521126760564,0.6408450704225351,0.7957746478873239,0.0004997501249375312
gpt6_luna_pro,baseline,A,authority,0.05333333333333334,0.006666666666666667,0.04707,0.013333333333333334,0.08,0.001999000499750125
gpt6_luna_pro,baseline,A,citation,0.14,0.006666666666666667,0.13358333333333336,0.08,0.19333333333333333,0.0004997501249375312
gpt6_luna_pro,baseline,A,identity,0.028333333333333332,0.006666666666666667,0.021776666666666666,0.001666666666666667,0.045,0.014992503748125937
gpt6_luna_pro,baseline,A,persistence,0.21333333333333335,0.006666666666666667,0.20708000000000001,0.14,0.2733333333333334,0.0004997501249375312
gpt6_luna_pro,baseline,B,authority,0.5547945205479452,0.04794520547945205,0.4991909722222222,0.41666666666666663,0.5833333333333334,0.0004997501249375312
gpt6_luna_pro,baseline,B,citation,0.696551724137931,0.04794520547945205,0.6415845070422536,0.5563380281690141,0.7253521126760563,0.0004997501249375312
gpt6_luna_pro,baseline,B,identity,0.39487179487179486,0.04794520547945205,0.33984221559619565,0.2797660958883572,0.4034166603123048,0.0004997501249375312
gpt6_luna_pro,baseline,B,persistence,0.8275862068965517,0.04794520547945205,0.7833776223776224,0.7132867132867133,0.8461538461538461,0.0004997501249375312
llama_70b,baseline,A,authority,0.9733333333333334,0.04,0.9335533333333332,0.8933333333333333,0.9666666666666667,0.0004997501249375312
llama_70b,baseline,A,citation,0.96,0.04,0.9199200000000001,0.8733333333333333,0.96,0.0004997501249375312
llama_70b,baseline,A,identity,0.9883333333333333,0.04,0.9485741666666666,0.9133333333333333,0.9783333333333333,0.0004997501249375312
llama_70b,baseline,A,persistence,1.0,0.04,0.9601866666666667,0.9266666666666666,0.9866666666666667,0.0004997501249375312
llama_70b,baseline,B,authority,0.9861111111111112,0.1506849315068493,0.8328645833333334,0.7708333333333334,0.888888888888889,0.0004997501249375312
llama_70b,baseline,B,citation,0.9795918367346939,0.1506849315068493,0.8287465753424658,0.7671232876712328,0.8904109589041096,0.0004997501249375312
llama_70b,baseline,B,identity,0.9914529914529915,0.1506849315068493,0.8406938025923459,0.7825337325830024,0.8955873013239188,0.0004997501249375312
llama_70b,baseline,B,persistence,0.9931506849315068,0.1506849315068493,0.8424589041095891,0.7808219178082192,0.8972602739726028,0.0004997501249375312
llama_70b,evidence_gate,A,authority,0.10666666666666667,0.02,0.08636666666666667,0.03333333333333333,0.14,0.0009995002498750624
llama_70b,evidence_gate,A,citation,0.7,0.02,0.6782733333333333,0.6000000000000001,0.7533333333333333,0.0004997501249375312
llama_70b,evidence_gate,A,identity,0.275,0.02,0.2544566666666667,0.20166666666666666,0.30833333333333335,0.0004997501249375312
llama_70b,evidence_gate,A,persistence,0.78,0.02,0.7588333333333334,0.6931666666666666,0.8266666666666667,0.0004997501249375312
llama_70b,evidence_gate,B,authority,0.3795620437956204,0.14388489208633093,0.24691417910447763,0.16417910447761191,0.33582089552238803,0.0004997501249375312
llama_70b,evidence_gate,B,citation,0.9645390070921985,0.14388489208633093,0.8168102189781022,0.7518248175182481,0.8759124087591241,0.0004997501249375312
llama_70b,evidence_gate,B,identity,0.5035714285714286,0.14388489208633093,0.3581455046328594,0.2891313336343087,0.42860889470241986,0.0004997501249375312
llama_70b,evidence_gate,B,persistence,0.950354609929078,0.14388489208633093,0.8233602941176471,0.7573529411764706,0.8823529411764707,0.0004997501249375312
llama_70b,generic_warning,A,authority,0.7866666666666666,0.04,0.7460533333333332,0.6733333333333333,0.8133333333333334,0.0004997501249375312
llama_70b,generic_warning,A,citation,0.8933333333333333,0.04,0.8523466666666667,0.7999999999999999,0.9066666666666666,0.0004997501249375312
llama_70b,generic_warning,A,identity,0.8666666666666667,0.04,0.8267491666666668,0.7766666666666667,0.8716666666666667,0.0004997501249375312
llama_70b,generic_warning,A,persistence,0.9066666666666666,0.04,0.8661833333333334,0.8133333333333332,0.9199999999999999,0.0004997501249375312
llama_70b,generic_warning,B,authority,0.9647887323943662,0.14788732394366197,0.8224113475177305,0.7588652482269503,0.8865248226950354,0.0004997501249375312
llama_70b,generic_warning,B,citation,0.9432624113475178,0.14788732394366197,0.7982553956834533,0.7338129496402878,0.8633093525179856,0.0004997501249375312
llama_70b,generic_warning,B,identity,0.9576719576719577,0.14788732394366197,0.8147045585557039,0.7497302609586861,0.8773322725177168,0.0004997501249375312
llama_70b,generic_warning,B,persistence,0.971830985915493,0.14788732394366197,0.8294148936170214,0.7659574468085106,0.8867021276595736,0.0004997501249375312
ministral_14b,baseline,A,authority,0.7466666666666667,0.11333333333333333,0.6322733333333334,0.5533333333333333,0.7133333333333333,0.0004997501249375312
ministral_14b,baseline,A,citation,0.78,0.11333333333333333,0.6662733333333333,0.5866666666666667,0.7466666666666666,0.0004997501249375312
ministral_14b,baseline,A,identity,0.5266666666666666,0.11333333333333333,0.41266499999999995,0.355,0.47000000000000003,0.0004997501249375312
ministral_14b,baseline,A,persistence,0.6933333333333334,0.11333333333333333,0.5790899999999999,0.4998333333333333,0.6599999999999999,0.0004997501249375312
ministral_14b,baseline,B,authority,0.9022556390977443,0.3880597014925373,0.5415968992248062,0.4496124031007752,0.627906976744186,0.0004997501249375312
ministral_14b,baseline,B,citation,0.8636363636363636,0.3880597014925373,0.4858720930232558,0.3875968992248062,0.5813953488372093,0.0004997501249375312
ministral_14b,baseline,B,identity,0.8301886792452831,0.3880597014925373,0.45026113098677656,0.36404927079130806,0.5344401162850597,0.0004997501249375312
ministral_14b,baseline,B,persistence,0.9172932330827067,0.3880597014925373,0.554640625,0.46875,0.6484375,0.0004997501249375312
ministral_3b,baseline,A,authority,0.62,0.21333333333333335,0.4064633333333333,0.3066666666666667,0.5,0.0004997501249375312
ministral_3b,baseline,A,citation,0.74,0.21333333333333335,0.52635,0.43333333333333335,0.6134999999999992,0.0004997501249375312
ministral_3b,baseline,A,identity,0.74,0.21333333333333335,0.5266233333333333,0.455,0.595,0.0004997501249375312
ministral_3b,baseline,A,persistence,0.7933333333333333,0.21333333333333335,0.5806966666666667,0.4866666666666667,0.6666666666666666,0.0004997501249375312
ministral_3b,baseline,B,authority,0.8758620689655172,0.3971631205673759,0.49085460992907803,0.4042553191489362,0.5815602836879432,0.0004997501249375312
ministral_3b,baseline,B,citation,0.8591549295774648,0.3971631205673759,0.457875,0.35714285714285715,0.5571428571428572,0.0004997501249375312
ministral_3b,baseline,B,identity,0.8964912280701754,0.3971631205673759,0.5023006616233585,0.4210415412938916,0.5875858730077271,0.0004997501249375312
ministral_3b,baseline,B,persistence,0.8881118881118881,0.3971631205673759,0.4906028368794326,0.40425531914893614,0.574468085106383,0.0004997501249375312
ministral_3b,evidence_gate,A,authority,0.78,0.20666666666666667,0.5730799999999999,0.48666666666666664,0.66,0.0004997501249375312
ministral_3b,evidence_gate,A,citation,0.8,0.20666666666666667,0.59238,0.5066666666666666,0.6799999999999999,0.0004997501249375312
ministral_3b,evidence_gate,A,identity,0.695,0.20666666666666667,0.4877875,0.4083333333333333,0.5633333333333334,0.0004997501249375312
ministral_3b,evidence_gate,A,persistence,0.7,0.20666666666666667,0.4940133333333333,0.40666666666666673,0.5734999999999991,0.0004997501249375312
ministral_3b,evidence_gate,B,authority,0.8666666666666667,0.4732824427480916,0.4089960629921261,0.2992125984251969,0.512007874015747,0.0004997501249375312
ministral_3b,evidence_gate,B,citation,0.8217054263565892,0.4732824427480916,0.38789754098360657,0.28688524590163933,0.49999999999999994,0.0004997501249375312
ministral_3b,evidence_gate,B,identity,0.8363970588235294,0.4732824427480916,0.36939254536543004,0.28267505660222536,0.4532369598528961,0.0004997501249375312
ministral_3b,evidence_gate,B,persistence,0.8582089552238806,0.4732824427480916,0.39910483870967745,0.29032258064516137,0.5,0.0004997501249375312
ministral_3b,generic_warning,A,authority,0.6533333333333333,0.26,0.39318333333333333,0.29333333333333333,0.4933333333333333,0.0004997501249375312
ministral_3b,generic_warning,A,citation,0.7933333333333333,0.26,0.5324766666666667,0.43333333333333335,0.6266666666666667,0.0004997501249375312
ministral_3b,generic_warning,A,identity,0.7416666666666667,0.26,0.48209500000000005,0.4033333333333333,0.5633333333333332,0.0004997501249375312
ministral_3b,generic_warning,A,persistence,0.74,0.26,0.48042,0.38000000000000006,0.5733333333333334,0.0004997501249375312
ministral_3b,generic_warning,B,authority,0.8461538461538461,0.4788732394366197,0.37783214285714284,0.27142857142857146,0.4785714285714286,0.0004997501249375312
ministral_3b,generic_warning,B,citation,0.8368794326241135,0.4788732394366197,0.3638633093525179,0.2661870503597122,0.460431654676259,0.0004997501249375312
ministral_3b,generic_warning,B,identity,0.8873239436619719,0.4788732394366197,0.40496339600106546,0.3205595978974623,0.4905125073242079,0.0004997501249375312
ministral_3b,generic_warning,B,persistence,0.8439716312056738,0.4788732394366197,0.37807500000000005,0.27142857142857146,0.4857142857142857,0.0004997501249375312
ministral_8b,baseline,A,authority,0.66,0.04,0.62077,0.54,0.7,0.0004997501249375312
ministral_8b,baseline,A,citation,0.8066666666666666,0.04,0.7669133333333333,0.7,0.8333333333333334,0.0004997501249375312
ministral_8b,baseline,A,identity,0.555,0.04,0.5143633333333333,0.45,0.58,0.0004997501249375312
ministral_8b,baseline,A,persistence,0.6933333333333334,0.04,0.6529833333333334,0.58,0.7333333333333333,0.0004997501249375312
ministral_8b,baseline,B,authority,0.8783783783783784,0.3333333333333333,0.5489659863945578,0.46241496598639453,0.6328231292516998,0.0004997501249375312
ministral_8b,baseline,B,citation,0.9054054054054054,0.3333333333333333,0.5762721088435373,0.4897959183673469,0.6598639455782314,0.0004997501249375312
ministral_8b,baseline,B,identity,0.8389830508474576,0.3333333333333333,0.5048103741496598,0.4183673469387756,0.5867346938775511,0.0004997501249375312
ministral_8b,baseline,B,persistence,0.9121621621621622,0.3333333333333333,0.5765918367346939,0.489625850340136,0.6598639455782314,0.0004997501249375312
