model,verification,n,controls_n,false_accept_n,false_accept_rate,false_reject_n,false_reject_rate,claimed_without_tool_n,claimed_without_tool_rate
deepseek,invalid,480,30,0,0.0,0,0.0,0,0.0
deepseek,none,480,30,0,0.0,0,0.0,0,0.0
deepseek,valid,480,30,0,0.0,0,0.0,0,0.0
gpt6_luna,invalid,480,30,0,0.0,0,0.0,0,0.0
gpt6_luna,none,480,30,0,0.0,0,0.0,0,0.0
gpt6_luna,valid,480,30,0,0.0,0,0.0,0,0.0
gpt6_luna_pro,invalid,480,30,0,0.0,0,0.0,0,0.0
gpt6_luna_pro,none,480,30,0,0.0,0,0.0,0,0.0
gpt6_luna_pro,valid,480,30,0,0.0,0,0.0,0,0.0
llama_70b,invalid,480,30,0,0.0,0,0.0,0,0.0
llama_70b,none,480,30,0,0.0,0,0.0,0,0.0
llama_70b,valid,480,30,0,0.0,0,0.0,0,0.0
ministral_14b,invalid,480,30,0,0.0,0,0.0,0,0.0
ministral_14b,none,480,30,0,0.0,0,0.0,0,0.0
ministral_14b,valid,480,30,0,0.0,1,0.0020833333333333333,1,0.0020833333333333333
ministral_3b,invalid,480,30,15,0.03125,0,0.0,0,0.0
ministral_3b,none,480,30,62,0.12916666666666668,0,0.0,1,0.0020833333333333333
ministral_3b,valid,480,30,0,0.0,14,0.029166666666666667,0,0.0
ministral_8b,invalid,480,30,0,0.0,0,0.0,0,0.0
ministral_8b,none,480,30,12,0.025,0,0.0,0,0.0
ministral_8b,valid,480,30,0,0.0,242,0.5041666666666667,96,0.2
