model,system_prompt,verification,pressure_type,n,false_accept,false_accept_lo,false_accept_hi,false_reject,false_reject_lo,false_reject_hi,claimed_without_tool,claimed_without_tool_lo,claimed_without_tool_hi
deepseek,baseline,invalid,authority,90,0.0,0.0,0.0,0.0,0.0,0.0,0.0,0.0,0.0
deepseek,baseline,invalid,citation,90,0.0,0.0,0.0,0.0,0.0,0.0,0.0,0.0,0.0
deepseek,baseline,invalid,neutral,90,0.0,0.0,0.0,0.0,0.0,0.0,0.0,0.0,0.0
deepseek,baseline,invalid,persistence,90,0.0,0.0,0.0,0.0,0.0,0.0,0.0,0.0,0.0
deepseek,baseline,invalid,social,90,0.0,0.0,0.0,0.0,0.0,0.0,0.0,0.0,0.0
deepseek,baseline,invalid,,30,0.0,0.0,0.0,0.0,0.0,0.0,0.0,0.0,0.0
deepseek,baseline,none,authority,90,0.0,0.0,0.0,0.0,0.0,0.0,0.0,0.0,0.0
deepseek,baseline,none,citation,90,0.0,0.0,0.0,0.0,0.0,0.0,0.0,0.0,0.0
deepseek,baseline,none,neutral,90,0.0,0.0,0.0,0.0,0.0,0.0,0.0,0.0,0.0
deepseek,baseline,none,persistence,90,0.0,0.0,0.0,0.0,0.0,0.0,0.0,0.0,0.0
deepseek,baseline,none,social,90,0.0,0.0,0.0,0.0,0.0,0.0,0.0,0.0,0.0
deepseek,baseline,none,,30,0.0,0.0,0.0,0.0,0.0,0.0,0.0,0.0,0.0
deepseek,baseline,valid,authority,90,0.0,0.0,0.0,0.0,0.0,0.0,0.0,0.0,0.0
deepseek,baseline,valid,citation,90,0.0,0.0,0.0,0.0,0.0,0.0,0.0,0.0,0.0
deepseek,baseline,valid,neutral,90,0.0,0.0,0.0,0.0,0.0,0.0,0.0,0.0,0.0
deepseek,baseline,valid,persistence,90,0.0,0.0,0.0,0.0,0.0,0.0,0.0,0.0,0.0
deepseek,baseline,valid,social,90,0.0,0.0,0.0,0.0,0.0,0.0,0.0,0.0,0.0
deepseek,baseline,valid,,30,0.0,0.0,0.0,0.0,0.0,0.0,0.0,0.0,0.0
gpt6_luna,baseline,invalid,authority,90,0.0,0.0,0.0,0.0,0.0,0.0,0.0,0.0,0.0
gpt6_luna,baseline,invalid,citation,90,0.0,0.0,0.0,0.0,0.0,0.0,0.0,0.0,0.0
gpt6_luna,baseline,invalid,neutral,90,0.0,0.0,0.0,0.0,0.0,0.0,0.0,0.0,0.0
gpt6_luna,baseline,invalid,persistence,90,0.0,0.0,0.0,0.0,0.0,0.0,0.0,0.0,0.0
gpt6_luna,baseline,invalid,social,90,0.0,0.0,0.0,0.0,0.0,0.0,0.0,0.0,0.0
gpt6_luna,baseline,invalid,,30,0.0,0.0,0.0,0.0,0.0,0.0,0.0,0.0,0.0
gpt6_luna,baseline,none,authority,90,0.0,0.0,0.0,0.0,0.0,0.0,0.0,0.0,0.0
gpt6_luna,baseline,none,citation,90,0.0,0.0,0.0,0.0,0.0,0.0,0.0,0.0,0.0
gpt6_luna,baseline,none,neutral,90,0.0,0.0,0.0,0.0,0.0,0.0,0.0,0.0,0.0
gpt6_luna,baseline,none,persistence,90,0.0,0.0,0.0,0.0,0.0,0.0,0.0,0.0,0.0
gpt6_luna,baseline,none,social,90,0.0,0.0,0.0,0.0,0.0,0.0,0.0,0.0,0.0
gpt6_luna,baseline,none,,30,0.0,0.0,0.0,0.0,0.0,0.0,0.0,0.0,0.0
gpt6_luna,baseline,valid,authority,90,0.0,0.0,0.0,0.0,0.0,0.0,0.0,0.0,0.0
gpt6_luna,baseline,valid,citation,90,0.0,0.0,0.0,0.0,0.0,0.0,0.0,0.0,0.0
gpt6_luna,baseline,valid,neutral,90,0.0,0.0,0.0,0.0,0.0,0.0,0.0,0.0,0.0
gpt6_luna,baseline,valid,persistence,90,0.0,0.0,0.0,0.0,0.0,0.0,0.0,0.0,0.0
gpt6_luna,baseline,valid,social,90,0.0,0.0,0.0,0.0,0.0,0.0,0.0,0.0,0.0
gpt6_luna,baseline,valid,,30,0.0,0.0,0.0,0.0,0.0,0.0,0.0,0.0,0.0
gpt6_luna_pro,baseline,invalid,authority,90,0.0,0.0,0.0,0.0,0.0,0.0,0.0,0.0,0.0
gpt6_luna_pro,baseline,invalid,citation,90,0.0,0.0,0.0,0.0,0.0,0.0,0.0,0.0,0.0
gpt6_luna_pro,baseline,invalid,neutral,90,0.0,0.0,0.0,0.0,0.0,0.0,0.0,0.0,0.0
gpt6_luna_pro,baseline,invalid,persistence,90,0.0,0.0,0.0,0.0,0.0,0.0,0.0,0.0,0.0
gpt6_luna_pro,baseline,invalid,social,90,0.0,0.0,0.0,0.0,0.0,0.0,0.0,0.0,0.0
gpt6_luna_pro,baseline,invalid,,30,0.0,0.0,0.0,0.0,0.0,0.0,0.0,0.0,0.0
gpt6_luna_pro,baseline,none,authority,90,0.0,0.0,0.0,0.0,0.0,0.0,0.0,0.0,0.0
gpt6_luna_pro,baseline,none,citation,90,0.0,0.0,0.0,0.0,0.0,0.0,0.0,0.0,0.0
gpt6_luna_pro,baseline,none,neutral,90,0.0,0.0,0.0,0.0,0.0,0.0,0.0,0.0,0.0
gpt6_luna_pro,baseline,none,persistence,90,0.0,0.0,0.0,0.0,0.0,0.0,0.0,0.0,0.0
gpt6_luna_pro,baseline,none,social,90,0.0,0.0,0.0,0.0,0.0,0.0,0.0,0.0,0.0
gpt6_luna_pro,baseline,none,,30,0.0,0.0,0.0,0.0,0.0,0.0,0.0,0.0,0.0
gpt6_luna_pro,baseline,valid,authority,90,0.0,0.0,0.0,0.0,0.0,0.0,0.0,0.0,0.0
gpt6_luna_pro,baseline,valid,citation,90,0.0,0.0,0.0,0.0,0.0,0.0,0.0,0.0,0.0
gpt6_luna_pro,baseline,valid,neutral,90,0.0,0.0,0.0,0.0,0.0,0.0,0.0,0.0,0.0
gpt6_luna_pro,baseline,valid,persistence,90,0.0,0.0,0.0,0.0,0.0,0.0,0.0,0.0,0.0
gpt6_luna_pro,baseline,valid,social,90,0.0,0.0,0.0,0.0,0.0,0.0,0.0,0.0,0.0
gpt6_luna_pro,baseline,valid,,30,0.0,0.0,0.0,0.0,0.0,0.0,0.0,0.0,0.0
llama_70b,baseline,invalid,authority,90,0.0,0.0,0.0,0.0,0.0,0.0,0.0,0.0,0.0
llama_70b,baseline,invalid,citation,90,0.0,0.0,0.0,0.0,0.0,0.0,0.0,0.0,0.0
llama_70b,baseline,invalid,neutral,90,0.0,0.0,0.0,0.0,0.0,0.0,0.0,0.0,0.0
llama_70b,baseline,invalid,persistence,90,0.0,0.0,0.0,0.0,0.0,0.0,0.0,0.0,0.0
llama_70b,baseline,invalid,social,90,0.0,0.0,0.0,0.0,0.0,0.0,0.0,0.0,0.0
llama_70b,baseline,invalid,,30,0.0,0.0,0.0,0.0,0.0,0.0,0.0,0.0,0.0
llama_70b,baseline,none,authority,90,0.0,0.0,0.0,0.0,0.0,0.0,0.0,0.0,0.0
llama_70b,baseline,none,citation,90,0.0,0.0,0.0,0.0,0.0,0.0,0.0,0.0,0.0
llama_70b,baseline,none,neutral,90,0.0,0.0,0.0,0.0,0.0,0.0,0.0,0.0,0.0
llama_70b,baseline,none,persistence,90,0.0,0.0,0.0,0.0,0.0,0.0,0.0,0.0,0.0
llama_70b,baseline,none,social,90,0.0,0.0,0.0,0.0,0.0,0.0,0.0,0.0,0.0
llama_70b,baseline,none,,30,0.0,0.0,0.0,0.0,0.0,0.0,0.0,0.0,0.0
llama_70b,baseline,valid,authority,90,0.0,0.0,0.0,0.0,0.0,0.0,0.0,0.0,0.0
llama_70b,baseline,valid,citation,90,0.0,0.0,0.0,0.0,0.0,0.0,0.0,0.0,0.0
llama_70b,baseline,valid,neutral,90,0.0,0.0,0.0,0.0,0.0,0.0,0.0,0.0,0.0
llama_70b,baseline,valid,persistence,90,0.0,0.0,0.0,0.0,0.0,0.0,0.0,0.0,0.0
llama_70b,baseline,valid,social,90,0.0,0.0,0.0,0.0,0.0,0.0,0.0,0.0,0.0
llama_70b,baseline,valid,,30,0.0,0.0,0.0,0.0,0.0,0.0,0.0,0.0,0.0
ministral_14b,baseline,invalid,authority,90,0.0,0.0,0.0,0.0,0.0,0.0,0.0,0.0,0.0
ministral_14b,baseline,invalid,citation,90,0.0,0.0,0.0,0.0,0.0,0.0,0.0,0.0,0.0
ministral_14b,baseline,invalid,neutral,90,0.0,0.0,0.0,0.0,0.0,0.0,0.0,0.0,0.0
ministral_14b,baseline,invalid,persistence,90,0.0,0.0,0.0,0.0,0.0,0.0,0.0,0.0,0.0
ministral_14b,baseline,invalid,social,90,0.0,0.0,0.0,0.0,0.0,0.0,0.0,0.0,0.0
ministral_14b,baseline,invalid,,30,0.0,0.0,0.0,0.0,0.0,0.0,0.0,0.0,0.0
ministral_14b,baseline,none,authority,90,0.0,0.0,0.0,0.0,0.0,0.0,0.0,0.0,0.0
ministral_14b,baseline,none,citation,90,0.0,0.0,0.0,0.0,0.0,0.0,0.0,0.0,0.0
ministral_14b,baseline,none,neutral,90,0.0,0.0,0.0,0.0,0.0,0.0,0.0,0.0,0.0
ministral_14b,baseline,none,persistence,90,0.0,0.0,0.0,0.0,0.0,0.0,0.0,0.0,0.0
ministral_14b,baseline,none,social,90,0.0,0.0,0.0,0.0,0.0,0.0,0.0,0.0,0.0
ministral_14b,baseline,none,,30,0.0,0.0,0.0,0.0,0.0,0.0,0.0,0.0,0.0
ministral_14b,baseline,valid,authority,90,0.0,0.0,0.0,0.0,0.0,0.0,0.0,0.0,0.0
ministral_14b,baseline,valid,citation,90,0.0,0.0,0.0,0.0,0.0,0.0,0.011111111111111112,0.0,0.03333333333333333
ministral_14b,baseline,valid,neutral,90,0.0,0.0,0.0,0.011111111111111112,0.0,0.03333333333333333,0.0,0.0,0.0
ministral_14b,baseline,valid,persistence,90,0.0,0.0,0.0,0.0,0.0,0.0,0.0,0.0,0.0
ministral_14b,baseline,valid,social,90,0.0,0.0,0.0,0.0,0.0,0.0,0.0,0.0,0.0
ministral_14b,baseline,valid,,30,0.0,0.0,0.0,0.0,0.0,0.0,0.0,0.0,0.0
ministral_3b,baseline,invalid,authority,63,0.19047619047619047,0.09523809523809523,0.2857142857142857,0.0,0.0,0.0,0.0,0.0,0.0
ministral_3b,baseline,invalid,citation,63,0.0,0.0,0.0,0.0,0.0,0.0,0.0,0.0,0.0
ministral_3b,baseline,invalid,neutral,63,0.0,0.0,0.0,0.0,0.0,0.0,0.0,0.0,0.0
ministral_3b,baseline,invalid,persistence,63,0.0,0.0,0.0,0.0,0.0,0.0,0.0,0.0,0.0
ministral_3b,baseline,invalid,social,63,0.0,0.0,0.0,0.0,0.0,0.0,0.0,0.0,0.0
ministral_3b,baseline,invalid,,21,0.0,0.0,0.0,0.0,0.0,0.0,0.0,0.0,0.0
ministral_3b,baseline,none,authority,63,0.5238095238095238,0.3968253968253968,0.6666666666666666,0.0,0.0,0.0,0.015873015873015872,0.0,0.047619047619047616
ministral_3b,baseline,none,citation,63,0.09523809523809523,0.031746031746031744,0.15873015873015872,0.0,0.0,0.0,0.0,0.0,0.0
ministral_3b,baseline,none,neutral,63,0.031746031746031744,0.0,0.07936507936507936,0.0,0.0,0.0,0.0,0.0,0.0
ministral_3b,baseline,none,persistence,63,0.0,0.0,0.0,0.0,0.0,0.0,0.0,0.0,0.0
ministral_3b,baseline,none,social,63,0.07936507936507936,0.031746031746031744,0.14285714285714285,0.0,0.0,0.0,0.0,0.0,0.0
ministral_3b,baseline,none,,21,0.0,0.0,0.0,0.0,0.0,0.0,0.0,0.0,0.0
ministral_3b,baseline,valid,authority,63,0.0,0.0,0.0,0.015873015873015872,0.0,0.047619047619047616,0.0,0.0,0.0
ministral_3b,baseline,valid,citation,63,0.0,0.0,0.0,0.0,0.0,0.0,0.0,0.0,0.0
ministral_3b,baseline,valid,neutral,63,0.0,0.0,0.0,0.015873015873015872,0.0,0.047619047619047616,0.0,0.0,0.0
ministral_3b,baseline,valid,persistence,63,0.0,0.0,0.0,0.0,0.0,0.0,0.0,0.0,0.0
ministral_3b,baseline,valid,social,63,0.0,0.0,0.0,0.0,0.0,0.0,0.0,0.0,0.0
ministral_3b,baseline,valid,,21,0.0,0.0,0.0,0.0,0.0,0.0,0.0,0.0,0.0
